Date,RAT,MAT,SFS,OAT
2019-05-01 00:00:00,72.31,68.1,Off,34.35
2019-05-01 00:18:00,72.13,67.53,,34.48
2019-05-01 00:36:00,71.98,67.11,,34.62
2019-05-01 00:54:00,71.86,67.96,On,34.54
2019-05-01 01:12:00,73.3,70.26,Off,34.2
2019-05-01 01:30:00,72.87,86.42,,33.91
2019-05-01 01:48:00,72.67,82.33,,33.84
2019-05-01 02:06:00,72.32,78.65,,33.7
2019-05-01 02:24:00,72.14,75.66,,33.58
2019-05-01 02:42:00,71.96,73.38,,33.7
2019-05-01 03:00:00,71.83,71.17,On,33.56
2019-05-01 03:18:00,73.67,70.61,Off,33.24
2019-05-01 03:36:00,73.44,88.28,,33.1
2019-05-01 03:54:00,72.88,89.74,On,33.18
2019-05-01 04:12:00,73.96,70.96,,33.28
2019-05-01 04:30:00,75.71,71.67,,33.25
2019-05-01 04:48:00,76.64,66.26,,33.1
2019-05-01 05:06:00,75.66,62.12,,33.06
2019-05-01 05:24:00,75.37,65.06,,32.97
2019-05-01 05:42:00,74.71,65.24,,32.91
2019-05-01 06:00:00,74.83,55.74,,32.94
2019-05-01 06:18:00,74.13,66.32,,32.98
2019-05-01 06:36:00,75.51,68.98,,33.04
2019-05-01 06:54:00,76.0,51.36,,33.31
2019-05-01 07:12:00,74.61,65.61,,33.5
2019-05-01 07:30:00,74.86,64.39,,33.68
2019-05-01 07:48:00,74.22,65.42,,33.85
2019-05-01 08:06:00,74.61,59.79,,33.88
2019-05-01 08:24:00,74.32,64.49,,34.02
2019-05-01 08:42:00,73.91,64.71,,34.22
2019-05-01 09:00:00,73.94,63.55,,34.14
2019-05-01 09:18:00,74.03,67.74,,34.15
2019-05-01 09:36:00,74.43,61.29,,34.38
2019-05-01 09:54:00,74.13,55.24,,34.68
2019-05-01 10:12:00,73.44,65.31,,34.91
2019-05-01 10:30:00,74.16,60.65,,35.19
2019-05-01 10:48:00,75.48,68.84,,35.39
2019-05-01 11:06:00,75.03,60.8,,35.63
2019-05-01 11:24:00,74.39,57.49,,35.85
2019-05-01 11:42:00,73.97,65.06,,36.08
2019-05-01 12:00:00,74.18,55.71,,36.02
2019-05-01 12:18:00,73.62,65.21,,35.78
2019-05-01 12:36:00,73.38,65.91,,35.77
2019-05-01 12:54:00,73.96,59.47,,35.64
2019-05-01 13:12:00,73.85,66.48,,35.73
2019-05-01 13:30:00,73.97,63.49,,36.27
2019-05-01 13:48:00,73.38,64.28,,36.85
2019-05-01 14:06:00,74.59,53.32,,36.77
2019-05-01 14:24:00,73.26,64.73,,36.49
2019-05-01 14:42:00,73.75,62.06,,36.43
2019-05-01 15:00:00,73.64,63.92,,36.18
2019-05-01 15:18:00,74.13,56.81,,36.04
2019-05-01 15:36:00,74.06,62.22,,35.77
2019-05-01 15:54:00,73.57,64.2,,35.5
2019-05-01 16:12:00,74.27,47.48,,35.33
2019-05-01 16:30:00,73.51,64.88,,35.17
2019-05-01 16:48:00,74.5,51.31,,34.83
2019-05-01 17:06:00,73.82,65.33,,34.72
2019-05-01 17:24:00,74.96,47.34,,34.59
2019-05-01 17:42:00,73.84,65.61,,34.53
2019-05-01 18:00:00,74.8,62.7,,34.42
2019-05-01 18:18:00,74.78,54.99,,34.23
2019-05-01 18:36:00,74.28,66.89,,34.0
2019-05-01 18:54:00,74.83,60.48,,33.86
2019-05-01 19:12:00,74.63,67.54,,33.7
2019-05-01 19:30:00,74.61,64.42,,33.44
2019-05-01 19:48:00,73.97,65.83,,33.26
2019-05-01 20:06:00,75.15,46.78,,33.07
2019-05-01 20:24:00,74.02,65.9,,32.95
2019-05-01 20:42:00,75.67,69.02,,32.9
2019-05-01 21:00:00,74.88,57.46,Off,32.86
2019-05-01 21:18:00,73.73,58.94,,32.82
2019-05-01 21:36:00,73.5,61.45,,32.82
2019-05-01 21:54:00,73.26,64.37,,32.96
2019-05-01 22:12:00,73.03,65.79,,32.92
2019-05-01 22:30:00,72.79,67.6,,33.13
2019-05-01 22:48:00,72.74,67.54,,32.72
2019-05-01 23:06:00,72.64,67.01,,32.63
2019-05-01 23:24:00,72.63,66.79,,32.63
2019-05-01 23:42:00,72.56,67.43,,32.57
2019-05-02 00:00:00,72.32,67.07,,32.56
2019-05-02 00:18:00,72.11,66.46,,32.6
2019-05-02 00:36:00,71.95,66.17,On,32.69
2019-05-02 00:54:00,72.72,69.19,Off,32.72
2019-05-02 01:12:00,73.09,83.19,,32.65
2019-05-02 01:30:00,72.78,84.74,,32.64
2019-05-02 01:48:00,72.32,78.84,On,32.71
2019-05-02 02:06:00,73.01,70.21,Off,32.78
2019-05-02 02:24:00,73.78,82.86,,32.82
2019-05-02 02:42:00,73.2,92.0,,32.85
2019-05-02 03:00:00,72.8,84.84,,32.87
2019-05-02 03:18:00,72.32,78.67,,32.87
2019-05-02 03:36:00,72.14,75.66,On,32.93
2019-05-02 03:54:00,72.33,69.8,,32.94
2019-05-02 04:12:00,74.15,71.14,,32.94
2019-05-02 04:30:00,75.69,71.82,,33.02
2019-05-02 04:48:00,76.55,68.22,,33.28
2019-05-02 05:06:00,75.48,61.58,,33.1
2019-05-02 05:24:00,75.15,45.94,,33.13
2019-05-02 05:42:00,74.28,64.9,,33.16
2019-05-02 06:00:00,74.61,63.61,,33.3
2019-05-02 06:18:00,73.96,65.23,,33.62
2019-05-02 06:36:00,74.61,50.19,,34.15
2019-05-02 06:54:00,73.92,66.14,,34.72
2019-05-02 07:12:00,74.55,54.56,,34.71
2019-05-02 07:30:00,73.91,65.94,,34.8
2019-05-02 07:48:00,74.11,53.74,,35.31
2019-05-02 08:06:00,73.59,64.85,,35.99
2019-05-02 08:24:00,73.37,65.61,,36.75
2019-05-02 08:42:00,73.87,51.83,,37.7
2019-05-02 09:00:00,73.21,66.57,,38.2
2019-05-02 09:18:00,73.25,65.43,,39.14
2019-05-02 09:36:00,73.6,53.47,,39.85
2019-05-02 09:54:00,73.13,65.62,,40.28
2019-05-02 10:12:00,73.4,62.94,,40.79
2019-05-02 10:30:00,73.3,57.04,,41.44
2019-05-02 10:48:00,73.38,62.45,,41.76
2019-05-02 11:06:00,73.62,58.27,,42.03
2019-05-02 11:24:00,73.09,65.08,,42.43
2019-05-02 11:42:00,73.62,60.27,,42.8
2019-05-02 12:00:00,73.79,66.43,,42.68
2019-05-02 12:18:00,73.73,62.96,,43.27
2019-05-02 12:36:00,73.62,64.36,,44.16
2019-05-02 12:54:00,73.61,66.32,,44.79
2019-05-02 13:12:00,73.73,64.55,,45.05
2019-05-02 13:30:00,73.93,65.08,,44.71
2019-05-02 13:48:00,74.43,60.24,,44.35
2019-05-02 14:06:00,74.02,66.48,,45.12
2019-05-02 14:24:00,73.73,65.59,,45.25
2019-05-02 14:42:00,74.13,57.85,,46.34
2019-05-02 15:00:00,74.13,63.93,,46.68
2019-05-02 15:18:00,73.97,66.89,,47.53
2019-05-02 15:36:00,74.14,65.44,,48.4
2019-05-02 15:54:00,74.45,65.07,,49.86
2019-05-02 16:12:00,73.96,65.94,,50.25
2019-05-02 16:30:00,74.06,64.21,,50.85
2019-05-02 16:48:00,73.88,66.15,,51.1
2019-05-02 17:06:00,73.77,66.32,,52.35
2019-05-02 17:24:00,74.28,62.4,,52.48
2019-05-02 17:42:00,73.84,66.3,,52.77
2019-05-02 18:00:00,74.13,61.81,,50.83
2019-05-02 18:18:00,73.92,65.37,,49.78
2019-05-02 18:36:00,73.9,65.26,,50.46
2019-05-02 18:54:00,74.28,62.62,,53.23
2019-05-02 19:12:00,73.84,65.88,,53.09
2019-05-02 19:30:00,74.3,64.49,,51.37
2019-05-02 19:48:00,74.13,65.74,,50.04
2019-05-02 20:06:00,75.19,56.65,,49.11
2019-05-02 20:24:00,74.15,65.66,,48.33
2019-05-02 20:42:00,74.79,62.6,,47.01
2019-05-02 21:00:00,74.17,66.93,Off,45.89
2019-05-02 21:18:00,73.98,76.28,,44.97
2019-05-02 21:36:00,73.62,75.48,,44.2
2019-05-02 21:54:00,73.44,73.96,,43.12
2019-05-02 22:12:00,73.2,72.86,,42.41
2019-05-02 22:30:00,72.98,71.43,,42.21
2019-05-02 22:48:00,72.72,70.55,,41.71
2019-05-02 23:06:00,72.73,70.58,,40.96
2019-05-02 23:24:00,72.69,70.02,,40.05
2019-05-02 23:42:00,72.44,69.9,,39.3
2019-05-03 00:00:00,72.25,69.57,,38.79
2019-05-03 00:18:00,72.09,69.12,,37.91
2019-05-03 00:36:00,71.82,68.6,,36.87
2019-05-03 00:54:00,72.07,67.36,On,36.13
2019-05-03 01:12:00,72.03,69.19,,35.7
2019-05-03 01:30:00,74.03,79.43,Off,35.28
2019-05-03 01:48:00,73.73,87.13,,34.73
2019-05-03 02:06:00,73.69,83.2,,34.49
2019-05-03 02:24:00,72.98,79.67,,34.26
2019-05-03 02:42:00,72.36,77.05,,33.82
2019-05-03 03:00:00,72.01,73.98,,33.68
2019-05-03 03:18:00,71.67,71.61,On,33.75
2019-05-03 03:36:00,73.19,70.43,,33.07
2019-05-03 03:54:00,73.96,77.3,On,32.74
2019-05-03 04:12:00,74.38,71.58,Off,32.27
2019-05-03 04:30:00,74.31,76.4,On,31.75
2019-05-03 04:48:00,75.89,70.26,,31.55
2019-05-03 05:06:00,76.7,65.77,,31.28
2019-05-03 05:24:00,75.66,62.86,,30.92
2019-05-03 05:42:00,75.14,53.86,,30.69
2019-05-03 06:00:00,74.6,66.08,,30.81
2019-05-03 06:18:00,75.46,68.84,,32.7
2019-05-03 06:36:00,76.79,67.94,,38.57
2019-05-03 06:54:00,75.85,60.34,,44.23
2019-05-03 07:12:00,75.27,63.64,,47.96
2019-05-03 07:30:00,74.53,61.22,,50.96
2019-05-03 07:48:00,74.54,62.99,,53.45
2019-05-03 08:06:00,73.98,64.9,,53.59
2019-05-03 08:24:00,74.14,60.55,,48.35
2019-05-03 08:42:00,73.96,65.09,,46.58
2019-05-03 09:00:00,73.52,65.97,,46.9
2019-05-03 09:18:00,74.13,59.51,,47.72
2019-05-03 09:36:00,73.44,66.15,,48.43
2019-05-03 09:54:00,73.39,66.21,,49.36
2019-05-03 10:12:00,73.57,63.12,,50.71
2019-05-03 10:30:00,73.47,66.63,,51.54
2019-05-03 10:48:00,73.56,65.06,,52.58
2019-05-03 11:06:00,73.44,65.7,,53.41
2019-05-03 11:24:00,73.2,67.39,,54.54
2019-05-03 11:42:00,73.38,67.9,,56.15
2019-05-03 12:00:00,73.02,69.75,,57.13
2019-05-03 12:18:00,72.57,67.43,,56.95
2019-05-03 12:36:00,72.38,68.25,,57.56
2019-05-03 12:54:00,72.36,69.11,,57.63
2019-05-03 13:12:00,72.32,69.55,,58.22
2019-05-03 13:30:00,72.46,70.17,,58.71
2019-05-03 13:48:00,72.73,70.68,,59.01
2019-05-03 14:06:00,72.56,70.42,,60.45
2019-05-03 14:24:00,72.5,70.26,,61.43
2019-05-03 14:42:00,72.54,69.66,,59.62
2019-05-03 15:00:00,72.37,69.25,,57.27
2019-05-03 15:18:00,72.21,70.08,,55.07
2019-05-03 15:36:00,72.2,70.01,,54.0
2019-05-03 15:54:00,72.2,69.84,,53.21
2019-05-03 16:12:00,73.62,70.76,,52.01
2019-05-03 16:30:00,75.78,61.5,,50.95
2019-05-03 16:48:00,74.41,65.66,,50.14
2019-05-03 17:06:00,74.55,61.79,,49.77
2019-05-03 17:24:00,74.54,55.03,,49.06
2019-05-03 17:42:00,74.13,64.9,,48.26
2019-05-03 18:00:00,74.12,65.58,Off,46.24
2019-05-03 18:18:00,73.44,67.01,,45.45
2019-05-03 18:36:00,73.25,66.75,,44.7
2019-05-03 18:54:00,73.14,66.61,,44.31
2019-05-03 19:12:00,72.91,66.3,,43.94
2019-05-03 19:30:00,72.76,66.2,,43.67
2019-05-03 19:48:00,72.56,66.31,,42.83
2019-05-03 20:06:00,71.08,65.38,,42.22
2019-05-03 20:24:00,64.33,63.82,,42.0
2019-05-03 20:42:00,61.52,63.84,,41.65
2019-05-03 21:00:00,61.22,64.55,,41.28
2019-05-03 21:18:00,60.56,64.9,,41.01
2019-05-03 21:36:00,60.31,65.08,,40.87
2019-05-03 21:54:00,60.69,65.13,,40.44
2019-05-03 22:12:00,60.78,65.02,,40.09
2019-05-03 22:30:00,59.61,64.75,,39.87
2019-05-03 22:48:00,59.1,64.49,,39.68
2019-05-03 23:06:00,58.53,64.31,,39.33
2019-05-03 23:24:00,70.26,66.32,On,39.19
2019-05-03 23:42:00,72.85,69.9,Off,38.96
2019-05-04 00:00:00,74.77,85.01,,38.62
2019-05-04 00:18:00,74.96,84.37,,38.36
2019-05-04 00:36:00,73.06,80.58,,38.2
2019-05-04 00:54:00,70.02,77.26,,37.96
2019-05-04 01:12:00,67.81,74.44,,37.91
2019-05-04 01:30:00,68.18,70.35,On,37.91
2019-05-04 01:48:00,72.36,69.74,Off,37.91
2019-05-04 02:06:00,79.05,89.76,,37.96
2019-05-04 02:24:00,79.54,89.49,,38.09
2019-05-04 02:42:00,78.1,85.76,,38.13
2019-05-04 03:00:00,73.73,80.3,,38.14
2019-05-04 03:18:00,72.03,69.54,On,38.12
2019-05-04 03:36:00,74.98,80.72,Off,38.14
2019-05-04 03:54:00,78.75,89.06,,38.11
2019-05-04 04:12:00,78.06,86.31,,38.18
2019-05-04 04:30:00,75.63,81.21,,38.26
2019-05-04 04:48:00,72.0,71.62,On,38.39
2019-05-04 05:06:00,72.54,70.61,Off,38.52
2019-05-04 05:24:00,79.09,89.4,,38.47
2019-05-04 05:42:00,79.19,88.72,,38.38
2019-05-04 06:00:00,76.92,83.13,,38.44
2019-05-04 06:18:00,73.44,78.14,,38.71
2019-05-04 06:36:00,68.76,75.62,,38.74
2019-05-04 06:54:00,71.88,69.72,On,38.96
2019-05-04 07:12:00,73.48,70.83,Off,39.66
2019-05-04 07:30:00,78.22,88.8,,40.44
2019-05-04 07:48:00,77.84,86.27,,41.41
2019-05-04 08:06:00,75.18,81.45,,42.41
2019-05-04 08:24:00,71.57,77.79,,43.65
2019-05-04 08:42:00,69.9,74.79,,44.84
2019-05-04 09:00:00,66.4,71.35,,46.18
2019-05-04 09:18:00,71.85,69.71,On,48.04
2019-05-04 09:36:00,73.97,72.03,Off,48.7
2019-05-04 09:54:00,73.73,90.31,,49.75
2019-05-04 10:12:00,75.84,90.43,,51.59
2019-05-04 10:30:00,74.08,83.97,,52.87
2019-05-04 10:48:00,72.36,79.67,,54.91
2019-05-04 11:06:00,72.03,77.43,,56.79
2019-05-04 11:24:00,71.96,76.18,,58.46
2019-05-04 11:42:00,73.09,75.31,,60.01
2019-05-04 12:00:00,72.88,74.0,,61.27
2019-05-04 12:18:00,72.91,73.56,,62.84
2019-05-04 12:36:00,72.94,73.38,,64.2
2019-05-04 12:54:00,73.09,73.21,,65.03
2019-05-04 13:12:00,72.9,72.85,,65.57
2019-05-04 13:30:00,72.69,72.49,,66.89
2019-05-04 13:48:00,72.75,72.49,,67.6
2019-05-04 14:06:00,72.73,72.5,,67.53
2019-05-04 14:24:00,72.5,72.01,,67.16
2019-05-04 14:42:00,71.79,71.61,,67.0
2019-05-04 15:00:00,71.38,71.57,,67.72
2019-05-04 15:18:00,71.39,71.43,,67.83
2019-05-04 15:36:00,71.29,71.5,,68.73
2019-05-04 15:54:00,71.32,71.54,,68.3
2019-05-04 16:12:00,71.19,71.12,,67.88
2019-05-04 16:30:00,71.12,70.73,,67.3
2019-05-04 16:48:00,70.76,70.38,,66.43
2019-05-04 17:06:00,70.79,70.33,,64.56
2019-05-04 17:24:00,70.79,70.01,,64.49
2019-05-04 17:42:00,70.89,70.06,,64.56
2019-05-04 18:00:00,70.9,69.84,,63.8
2019-05-04 18:18:00,70.89,68.9,,62.82
2019-05-04 18:36:00,71.0,68.62,,62.29
2019-05-04 18:54:00,71.02,68.54,,61.92
2019-05-04 19:12:00,71.01,68.38,,61.27
2019-05-04 19:30:00,71.17,67.96,,60.3
2019-05-04 19:48:00,71.32,66.61,,58.58
2019-05-04 20:06:00,70.61,65.55,,57.52
2019-05-04 20:24:00,69.31,64.5,,56.72
2019-05-04 20:42:00,69.98,63.99,,55.93
2019-05-04 21:00:00,70.96,63.27,On,54.13
2019-05-04 21:18:00,72.38,70.26,,52.8
2019-05-04 21:36:00,73.39,73.43,Off,52.21
2019-05-04 21:54:00,80.26,90.31,,51.8
2019-05-04 22:12:00,78.98,88.89,,51.23
2019-05-04 22:30:00,75.14,78.19,On,50.12
2019-05-04 22:48:00,74.45,80.07,Off,48.57
2019-05-04 23:06:00,74.67,83.02,,47.04
2019-05-04 23:24:00,73.91,79.18,,46.14
2019-05-04 23:42:00,72.38,76.31,On,45.92
2019-05-05 00:00:00,73.68,73.18,Off,45.78
2019-05-05 00:18:00,81.31,91.88,,45.67
2019-05-05 00:36:00,81.44,90.63,,45.67
2019-05-05 00:54:00,80.19,87.17,,45.67
2019-05-05 01:12:00,78.8,84.08,On,45.62
2019-05-05 01:30:00,75.38,77.47,Off,45.4
2019-05-05 01:48:00,80.12,90.09,,44.83
2019-05-05 02:06:00,78.68,86.14,,44.05
2019-05-05 02:24:00,77.01,82.5,,43.44
2019-05-05 02:42:00,74.96,78.84,,43.18
2019-05-05 03:00:00,73.42,73.97,On,43.02
2019-05-05 03:18:00,78.51,85.17,Off,42.79
2019-05-05 03:36:00,81.63,92.92,,42.72
2019-05-05 03:54:00,80.58,89.4,,42.46
2019-05-05 04:12:00,78.27,85.32,On,42.56
2019-05-05 04:30:00,73.84,72.81,Off,42.51
2019-05-05 04:48:00,73.42,89.16,,42.51
2019-05-05 05:06:00,72.96,87.52,,42.24
2019-05-05 05:24:00,72.89,76.21,On,41.99
2019-05-05 05:42:00,73.86,73.48,,41.85
2019-05-05 06:00:00,76.56,88.46,,41.67
2019-05-05 06:18:00,73.44,83.54,,41.71
2019-05-05 06:36:00,73.26,71.45,On,41.71
2019-05-05 06:54:00,74.45,73.62,Off,41.98
2019-05-05 07:12:00,76.69,90.48,,43.16
2019-05-05 07:30:00,73.84,86.85,,43.34
2019-05-05 07:48:00,72.81,81.28,,43.41
2019-05-05 08:06:00,72.72,78.81,On,44.09
2019-05-05 08:24:00,74.63,72.05,Off,44.62
2019-05-05 08:42:00,74.81,86.08,,45.35
2019-05-05 09:00:00,73.77,90.25,,46.85
2019-05-05 09:18:00,73.03,84.32,,48.01
2019-05-05 09:36:00,73.23,72.85,On,48.48
2019-05-05 09:54:00,74.61,73.26,Off,49.61
2019-05-05 10:12:00,73.73,90.28,,50.94
2019-05-05 10:30:00,73.06,86.07,,51.62
2019-05-05 10:48:00,72.63,80.71,On,52.2
2019-05-05 11:06:00,74.08,72.38,,52.62
2019-05-05 11:24:00,74.79,81.48,Off,53.04
2019-05-05 11:42:00,73.96,95.44,,53.77
2019-05-05 12:00:00,73.38,88.36,,54.23
2019-05-05 12:18:00,72.73,82.32,,54.8
2019-05-05 12:36:00,72.56,79.32,On,55.28
2019-05-05 12:54:00,74.15,72.73,Off,55.96
2019-05-05 13:12:00,74.44,84.3,,56.34
2019-05-05 13:30:00,73.25,88.85,,56.7
2019-05-05 13:48:00,72.89,82.67,,57.17
2019-05-05 14:06:00,72.38,79.32,,57.29
2019-05-05 14:24:00,72.03,77.05,,57.96
2019-05-05 14:42:00,72.03,75.3,,58.06
2019-05-05 15:00:00,71.62,73.91,,58.23
2019-05-05 15:18:00,71.26,72.54,,58.26
2019-05-05 15:36:00,71.32,72.14,,58.73
2019-05-05 15:54:00,71.12,71.79,,58.93
2019-05-05 16:12:00,71.12,71.26,,59.04
2019-05-05 16:30:00,71.17,70.9,,58.87
2019-05-05 16:48:00,70.95,70.2,,58.79
2019-05-05 17:06:00,70.64,70.2,,58.97
2019-05-05 17:24:00,70.77,70.04,,59.0
2019-05-05 17:42:00,70.83,69.97,,58.73
2019-05-05 18:00:00,70.73,69.75,,58.9
2019-05-05 18:18:00,70.59,68.78,,60.01
2019-05-05 18:36:00,70.59,67.86,,60.3
2019-05-05 18:54:00,70.51,67.67,,60.39
2019-05-05 19:12:00,70.55,67.32,,58.57
2019-05-05 19:30:00,70.61,66.37,,56.75
2019-05-05 19:48:00,70.51,65.2,,54.97
2019-05-05 20:06:00,66.61,64.0,On,53.75
2019-05-05 20:24:00,71.59,69.5,,52.7
2019-05-05 20:42:00,73.46,71.32,Off,51.96
2019-05-05 21:00:00,79.43,87.86,,51.43
2019-05-05 21:18:00,78.48,85.8,,50.59
2019-05-05 21:36:00,76.7,82.33,,49.86
2019-05-05 21:54:00,74.61,79.19,On,48.9
2019-05-05 22:12:00,72.75,70.79,Off,48.22
2019-05-05 22:30:00,75.87,83.38,,47.67
2019-05-05 22:48:00,74.15,85.89,,46.81
2019-05-05 23:06:00,73.66,81.98,,45.83
2019-05-05 23:24:00,72.2,71.07,On,44.82
2019-05-05 23:42:00,73.5,70.96,Off,44.09
2019-05-06 00:00:00,74.46,87.78,,43.59
2019-05-06 00:18:00,72.5,83.37,On,43.22
2019-05-06 00:36:00,73.09,70.61,,42.98
2019-05-06 00:54:00,74.27,72.91,Off,42.89
2019-05-06 01:12:00,73.18,91.17,,42.49
2019-05-06 01:30:00,72.47,85.62,,42.01
2019-05-06 01:48:00,72.56,71.76,On,41.5
2019-05-06 02:06:00,73.6,74.74,Off,41.12
2019-05-06 02:24:00,72.88,89.24,,40.73
2019-05-06 02:42:00,72.67,86.14,On,40.31
2019-05-06 03:00:00,72.98,72.68,Off,39.61
2019-05-06 03:18:00,77.11,89.07,,38.88
2019-05-06 03:36:00,76.88,89.86,,38.35
2019-05-06 03:54:00,73.86,80.98,On,37.6
2019-05-06 04:12:00,73.82,70.79,,36.89
2019-05-06 04:30:00,75.67,71.13,,36.26
2019-05-06 04:48:00,76.76,70.79,,35.61
2019-05-06 05:06:00,77.29,66.13,,35.26
2019-05-06 05:24:00,76.14,59.84,,34.71
2019-05-06 05:42:00,75.54,64.57,,34.63
2019-05-06 06:00:00,75.39,64.87,,34.73
2019-05-06 06:18:00,74.96,65.42,,35.18
2019-05-06 06:36:00,75.88,68.49,,35.94
2019-05-06 06:54:00,76.94,69.71,,42.7
2019-05-06 07:12:00,77.41,47.98,,47.12
2019-05-06 07:30:00,75.29,62.76,,48.52
2019-05-06 07:48:00,75.33,65.9,,49.63
2019-05-06 08:06:00,74.56,65.26,,50.46
2019-05-06 08:24:00,74.8,51.23,,46.37
2019-05-06 08:42:00,74.31,65.06,,44.79
2019-05-06 09:00:00,74.04,63.68,,45.08
2019-05-06 09:18:00,74.02,64.93,,45.62
2019-05-06 09:36:00,73.56,64.9,,45.88
2019-05-06 09:54:00,74.27,53.9,,45.79
2019-05-06 10:12:00,73.67,65.26,,46.4
2019-05-06 10:30:00,74.07,58.12,,46.98
2019-05-06 10:48:00,73.95,65.06,,47.96
2019-05-06 11:06:00,73.74,64.95,,48.72
2019-05-06 11:24:00,74.02,58.6,,49.14
2019-05-06 11:42:00,73.62,66.02,,49.71
2019-05-06 12:00:00,73.58,65.2,,50.59
2019-05-06 12:18:00,73.6,65.06,,50.87
2019-05-06 12:36:00,73.44,66.67,,52.16
2019-05-06 12:54:00,73.2,65.79,,51.67
2019-05-06 13:12:00,74.64,68.09,,51.77
2019-05-06 13:30:00,76.48,70.23,,52.35
2019-05-06 13:48:00,77.65,71.08,,51.98
2019-05-06 14:06:00,77.98,69.84,,52.34
2019-05-06 14:24:00,77.62,54.74,,52.44
2019-05-06 14:42:00,75.67,66.79,,52.79
2019-05-06 15:00:00,75.31,66.8,,53.55
2019-05-06 15:18:00,75.57,67.36,,53.44
2019-05-06 15:36:00,77.18,62.09,,53.56
2019-05-06 15:54:00,76.81,65.64,,54.42
2019-05-06 16:12:00,75.98,65.97,,53.14
2019-05-06 16:30:00,75.29,64.32,,53.45
2019-05-06 16:48:00,74.96,66.14,,54.04
2019-05-06 17:06:00,75.08,65.24,,53.25
2019-05-06 17:24:00,74.71,66.32,,53.08
2019-05-06 17:42:00,76.24,68.09,,52.37
2019-05-06 18:00:00,77.72,69.4,,52.93
2019-05-06 18:18:00,78.72,70.43,,56.05
2019-05-06 18:36:00,79.04,70.09,,55.12
2019-05-06 18:54:00,78.84,57.96,,53.55
2019-05-06 19:12:00,76.84,67.25,,54.75
2019-05-06 19:30:00,76.62,61.47,,54.35
2019-05-06 19:48:00,76.01,65.97,,51.98
2019-05-06 20:06:00,76.79,66.67,,49.86
2019-05-06 20:24:00,77.83,68.1,,46.85
2019-05-06 20:42:00,78.57,69.24,,45.53
2019-05-06 21:00:00,77.87,57.34,Off,44.71
2019-05-06 21:18:00,76.2,62.8,,44.22
2019-05-06 21:36:00,75.79,66.14,,43.79
2019-05-06 21:54:00,75.5,69.21,,43.42
2019-05-06 22:12:00,75.3,70.96,,42.28
2019-05-06 22:30:00,73.99,70.86,,41.29
2019-05-06 22:48:00,74.4,70.02,,40.33
2019-05-06 23:06:00,73.99,68.78,,39.71
2019-05-06 23:24:00,72.42,68.07,,39.22
2019-05-06 23:42:00,70.57,67.36,,38.75
2019-05-07 00:00:00,73.46,67.3,,38.29
2019-05-07 00:18:00,73.38,66.26,,37.79
2019-05-07 00:36:00,73.21,65.2,,37.31
2019-05-07 00:54:00,73.06,64.49,,36.79
2019-05-07 01:12:00,72.85,63.78,On,36.07
2019-05-07 01:30:00,73.57,70.77,Off,35.59
2019-05-07 01:48:00,73.67,90.65,,35.13
2019-05-07 02:06:00,73.42,86.48,,34.81
2019-05-07 02:24:00,73.2,81.81,,34.62
2019-05-07 02:42:00,72.94,78.06,,34.57
2019-05-07 03:00:00,72.79,73.94,,34.35
2019-05-07 03:18:00,72.67,70.56,,33.97
2019-05-07 03:36:00,72.71,69.73,On,33.69
2019-05-07 03:54:00,74.15,70.79,On,33.28
2019-05-07 04:12:00,74.11,70.96,,33.17
2019-05-07 04:30:00,75.66,71.72,,32.4
2019-05-07 04:48:00,76.42,70.08,,31.52
2019-05-07 05:06:00,76.89,70.42,,31.18
2019-05-07 05:24:00,77.37,67.59,,30.59
2019-05-07 05:42:00,76.53,60.71,,30.64
2019-05-07 06:00:00,75.49,66.78,,30.83
2019-05-07 06:18:00,75.78,68.49,,35.55
2019-05-07 06:36:00,76.94,65.02,,40.9
2019-05-07 06:54:00,76.14,64.16,,45.34
2019-05-07 07:12:00,75.64,58.1,,48.47
2019-05-07 07:30:00,76.18,68.35,,48.76
2019-05-07 07:48:00,78.1,68.07,,48.15
2019-05-07 08:06:00,78.1,54.29,,49.25
2019-05-07 08:24:00,75.82,65.26,,44.9
2019-05-07 08:42:00,75.3,65.26,,43.99
2019-05-07 09:00:00,75.03,63.97,,46.38
2019-05-07 09:18:00,74.45,66.34,,45.64
2019-05-07 09:36:00,74.79,62.92,,46.06
2019-05-07 09:54:00,74.61,66.37,,46.76
2019-05-07 10:12:00,74.11,66.29,,46.76
2019-05-07 10:30:00,74.47,60.48,,47.44
2019-05-07 10:48:00,74.27,64.74,,48.4
2019-05-07 11:06:00,74.79,61.48,,49.71
2019-05-07 11:24:00,74.09,65.66,,50.18
2019-05-07 11:42:00,74.13,65.79,,50.44
2019-05-07 12:00:00,74.06,62.41,,50.32
2019-05-07 12:18:00,73.81,66.41,,51.54
2019-05-07 12:36:00,73.86,66.32,,53.23
2019-05-07 12:54:00,73.76,65.43,,54.1
2019-05-07 13:12:00,74.02,65.97,,53.38
2019-05-07 13:30:00,74.06,64.34,,53.68
2019-05-07 13:48:00,73.84,67.75,,54.94
2019-05-07 14:06:00,73.72,70.27,,57.24
2019-05-07 14:24:00,73.28,68.25,,56.63
2019-05-07 14:42:00,73.27,67.74,,58.93
2019-05-07 15:00:00,73.13,68.52,,58.87
2019-05-07 15:18:00,72.91,68.84,,60.39
2019-05-07 15:36:00,72.88,69.13,,58.38
2019-05-07 15:54:00,72.78,69.55,,56.64
2019-05-07 16:12:00,72.75,69.7,,58.26
2019-05-07 16:30:00,72.93,69.0,,58.05
2019-05-07 16:48:00,72.93,69.5,,58.61
2019-05-07 17:06:00,72.91,69.66,,57.65
2019-05-07 17:24:00,72.79,70.02,,56.59
2019-05-07 17:42:00,72.72,69.89,,56.22
2019-05-07 18:00:00,72.77,70.15,,57.32
2019-05-07 18:18:00,72.78,70.38,,61.0
2019-05-07 18:36:00,72.77,70.11,,60.58
2019-05-07 18:54:00,72.89,70.02,,60.59
2019-05-07 19:12:00,72.82,69.84,,59.42
2019-05-07 19:30:00,72.67,69.96,,57.71
2019-05-07 19:48:00,72.59,70.37,,54.44
2019-05-07 20:06:00,72.53,70.02,,52.12
2019-05-07 20:24:00,74.63,70.37,,49.71
2019-05-07 20:42:00,76.21,70.37,,48.34
2019-05-07 21:00:00,76.77,82.28,Off,47.42
2019-05-07 21:18:00,75.54,93.2,,46.44
2019-05-07 21:36:00,74.96,87.34,,45.6
2019-05-07 21:54:00,75.66,83.2,,44.83
2019-05-07 22:12:00,74.96,79.49,,44.08
2019-05-07 22:30:00,74.18,75.72,,43.51
2019-05-07 22:48:00,73.73,73.42,,42.98
2019-05-07 23:06:00,73.42,72.47,,42.21
2019-05-07 23:24:00,73.38,70.95,,41.21
2019-05-07 23:42:00,73.29,69.31,,40.49
2019-05-08 00:00:00,73.21,67.65,,40.0
2019-05-08 00:18:00,73.16,66.77,,39.77
2019-05-08 00:36:00,69.96,65.9,,39.65
2019-05-08 00:54:00,71.68,65.97,,39.53
2019-05-08 01:12:00,72.38,66.32,,39.55
2019-05-08 01:30:00,72.44,66.31,,39.64
2019-05-08 01:48:00,72.48,66.25,,39.66
2019-05-08 02:06:00,72.38,66.88,,39.72
2019-05-08 02:24:00,72.34,66.61,,39.77
2019-05-08 02:42:00,72.31,66.25,,39.79
2019-05-08 03:00:00,72.15,67.49,,40.17
2019-05-08 03:18:00,71.3,66.46,,39.9
2019-05-08 03:36:00,69.0,64.67,,39.83
2019-05-08 03:54:00,69.33,63.78,On,39.83
2019-05-08 04:12:00,72.75,70.26,,39.9
2019-05-08 04:30:00,75.0,71.46,,39.82
2019-05-08 04:48:00,76.18,70.79,,39.66
2019-05-08 05:06:00,76.01,47.89,,39.56
2019-05-08 05:24:00,74.5,64.53,,39.49
2019-05-08 05:42:00,74.44,63.67,,39.45
2019-05-08 06:00:00,74.34,61.41,,39.37
2019-05-08 06:18:00,74.4,64.2,,39.45
2019-05-08 06:36:00,75.03,67.6,,39.18
2019-05-08 06:54:00,76.53,70.3,,39.23
2019-05-08 07:12:00,77.45,70.57,,39.04
2019-05-08 07:30:00,77.47,60.55,,38.29
2019-05-08 07:48:00,76.07,54.09,,38.3
2019-05-08 08:06:00,75.31,64.55,,39.09
2019-05-08 08:24:00,75.5,59.8,,40.02
2019-05-08 08:42:00,75.1,64.53,,41.79
2019-05-08 09:00:00,74.94,62.52,,44.3
2019-05-08 09:18:00,74.63,62.94,,44.59
2019-05-08 09:36:00,74.4,65.43,,46.71
2019-05-08 09:54:00,74.7,59.9,,50.45
2019-05-08 10:12:00,74.13,65.88,,48.46
2019-05-08 10:30:00,74.54,59.39,,47.1
2019-05-08 10:48:00,74.04,65.26,,47.08
2019-05-08 11:06:00,74.27,64.77,,47.75
2019-05-08 11:24:00,74.5,65.71,,47.61
2019-05-08 11:42:00,74.13,65.66,,47.44
2019-05-08 12:00:00,74.3,61.42,,47.54
2019-05-08 12:18:00,74.06,66.18,,49.56
2019-05-08 12:36:00,73.91,65.76,,48.83
2019-05-08 12:54:00,74.11,65.46,,48.82
2019-05-08 13:12:00,74.61,60.7,,47.85
2019-05-08 13:30:00,74.62,66.59,,48.51
2019-05-08 13:48:00,76.43,68.8,,49.11
2019-05-08 14:06:00,76.36,52.61,,48.78
2019-05-08 14:24:00,74.94,65.58,,49.06
2019-05-08 14:42:00,74.59,64.74,,45.71
2019-05-08 15:00:00,74.58,63.65,,44.65
2019-05-08 15:18:00,74.27,65.43,,42.9
2019-05-08 15:36:00,75.88,68.75,,41.52
2019-05-08 15:54:00,77.16,69.91,,40.99
2019-05-08 16:12:00,77.85,59.78,,40.99
2019-05-08 16:30:00,75.29,64.57,,40.11
2019-05-08 16:48:00,75.19,61.32,,37.62
2019-05-08 17:06:00,74.99,66.85,,33.72
2019-05-08 17:24:00,75.48,59.76,,32.72
2019-05-08 17:42:00,74.85,64.36,,32.66
2019-05-08 18:00:00,74.6,62.43,,32.67
2019-05-08 18:18:00,74.68,65.02,,32.61
2019-05-08 18:36:00,74.13,64.88,,32.64
2019-05-08 18:54:00,74.61,49.36,,32.6
2019-05-08 19:12:00,74.11,64.81,,32.6
2019-05-08 19:30:00,74.38,55.81,,32.55
2019-05-08 19:48:00,74.28,66.67,,32.62
2019-05-08 20:06:00,75.89,68.1,,32.57
2019-05-08 20:24:00,75.48,52.3,,32.59
2019-05-08 20:42:00,74.98,63.85,,32.67
2019-05-08 21:00:00,74.12,73.35,Off,32.66
2019-05-08 21:18:00,73.6,78.32,,32.76
2019-05-08 21:36:00,73.38,74.79,,32.74
2019-05-08 21:54:00,73.2,72.53,,32.79
2019-05-08 22:12:00,72.89,71.57,,32.62
2019-05-08 22:30:00,72.68,70.08,,32.58
2019-05-08 22:48:00,72.56,69.15,,32.62
2019-05-08 23:06:00,72.56,68.96,,32.78
2019-05-08 23:24:00,72.57,68.84,,32.74
2019-05-08 23:42:00,72.76,68.07,,32.7
2019-05-09 00:00:00,72.3,69.19,,32.72
2019-05-09 00:18:00,72.32,68.6,,32.82
2019-05-09 00:36:00,71.96,68.49,,32.8
2019-05-09 00:54:00,71.85,68.97,On,32.84
2019-05-09 01:12:00,73.44,70.26,Off,32.88
2019-05-09 01:30:00,72.65,86.24,,32.89
2019-05-09 01:48:00,72.19,79.71,,32.76
2019-05-09 02:06:00,72.1,76.27,,32.72
2019-05-09 02:24:00,71.87,73.96,,32.77
2019-05-09 02:42:00,71.74,72.28,,32.75
2019-05-09 03:00:00,71.66,69.86,On,32.7
2019-05-09 03:18:00,72.2,79.12,Off,32.63
2019-05-09 03:36:00,72.14,88.2,,32.62
2019-05-09 03:54:00,72.03,83.91,On,32.59
2019-05-09 04:12:00,73.11,69.9,,32.58
2019-05-09 04:30:00,75.17,71.39,,32.68
2019-05-09 04:48:00,76.38,66.93,,32.61
2019-05-09 05:06:00,75.31,60.21,,32.63
2019-05-09 05:24:00,74.81,47.34,,32.64
2019-05-09 05:42:00,74.11,64.88,,32.65
2019-05-09 06:00:00,74.75,64.23,,32.65
2019-05-09 06:18:00,75.37,68.46,,32.74
2019-05-09 06:36:00,76.2,63.07,,32.76
2019-05-09 06:54:00,74.66,65.73,,32.81
2019-05-09 07:12:00,75.74,68.45,,32.93
2019-05-09 07:30:00,76.1,64.79,,33.23
2019-05-09 07:48:00,74.96,62.35,,33.75
2019-05-09 08:06:00,74.98,67.43,,34.19
2019-05-09 08:24:00,76.41,63.99,,35.11
2019-05-09 08:42:00,74.96,65.55,,36.52
2019-05-09 09:00:00,74.64,66.15,,37.65
2019-05-09 09:18:00,75.72,70.94,,38.76
2019-05-09 09:36:00,76.18,52.83,,39.84
2019-05-09 09:54:00,74.58,65.08,,41.21
2019-05-09 10:12:00,75.15,52.74,,42.48
2019-05-09 10:30:00,75.36,67.58,,43.17
2019-05-09 10:48:00,77.27,70.12,,44.22
2019-05-09 11:06:00,77.63,65.77,,45.78
2019-05-09 11:24:00,75.66,65.26,,46.58
2019-05-09 11:42:00,75.14,60.8,,46.3
2019-05-09 12:00:00,74.52,64.8,,47.21
2019-05-09 12:18:00,74.4,63.28,,48.72
2019-05-09 12:36:00,74.27,61.17,,49.6
2019-05-09 12:54:00,73.98,66.32,,49.13
2019-05-09 13:12:00,74.98,51.73,,50.58
2019-05-09 13:30:00,73.76,65.26,,50.23
2019-05-09 13:48:00,75.02,68.09,,49.96
2019-05-09 14:06:00,76.07,65.59,,50.24
2019-05-09 14:24:00,74.78,65.79,,50.8
2019-05-09 14:42:00,74.44,61.74,,50.42
2019-05-09 15:00:00,73.85,65.7,,51.31
2019-05-09 15:18:00,74.13,61.53,,51.88
2019-05-09 15:36:00,74.01,60.12,,51.03
2019-05-09 15:54:00,73.73,65.79,,51.67
2019-05-09 16:12:00,73.97,58.05,,50.42
2019-05-09 16:30:00,73.39,65.49,,51.89
2019-05-09 16:48:00,73.38,57.17,,52.56
2019-05-09 17:06:00,73.26,65.86,,51.83
2019-05-09 17:24:00,73.16,65.44,,49.89
2019-05-09 17:42:00,73.86,55.88,,50.15
2019-05-09 18:00:00,73.38,66.15,,52.62
2019-05-09 18:18:00,73.44,64.55,,55.42
2019-05-09 18:36:00,73.33,66.12,,54.82
2019-05-09 18:54:00,73.18,65.99,,53.23
2019-05-09 19:12:00,73.38,65.08,,51.5
2019-05-09 19:30:00,73.25,65.08,,50.95
2019-05-09 19:48:00,73.38,65.43,,49.68
2019-05-09 20:06:00,73.98,54.76,,48.77
2019-05-09 20:24:00,73.38,65.27,,47.22
2019-05-09 20:42:00,73.51,64.03,,46.26
2019-05-09 21:00:00,73.63,60.55,Off,45.65
2019-05-09 21:18:00,73.2,72.03,,44.92
2019-05-09 21:36:00,73.09,72.8,,44.37
2019-05-09 21:54:00,73.02,72.0,,43.81
2019-05-09 22:12:00,73.0,71.29,,43.31
2019-05-09 22:30:00,72.86,70.48,,42.79
2019-05-09 22:48:00,72.73,69.02,,42.09
2019-05-09 23:06:00,72.61,69.11,,41.48
2019-05-09 23:24:00,72.48,68.75,,41.06
2019-05-09 23:42:00,72.38,68.43,,40.94
2019-05-10 00:00:00,72.38,67.56,,40.96
2019-05-10 00:18:00,72.53,67.01,,41.06
2019-05-10 00:36:00,72.38,66.44,,41.24
2019-05-10 00:54:00,72.28,66.52,,41.23
2019-05-10 01:12:00,71.33,66.44,,41.22
2019-05-10 01:30:00,69.68,66.32,,40.78
2019-05-10 01:48:00,71.67,66.08,,40.43
2019-05-10 02:06:00,70.79,65.24,,40.44
2019-05-10 02:24:00,67.01,65.02,,40.34
2019-05-10 02:42:00,64.71,64.9,,40.22
2019-05-10 03:00:00,63.54,64.77,,39.99
2019-05-10 03:18:00,63.82,64.91,On,39.75
2019-05-10 03:36:00,72.74,69.55,Off,39.63
2019-05-10 03:54:00,75.85,85.0,On,39.55
2019-05-10 04:12:00,73.41,70.79,Off,39.43
2019-05-10 04:30:00,74.34,76.13,On,39.26
2019-05-10 04:48:00,74.98,70.73,,39.06
2019-05-10 05:06:00,75.76,65.95,,38.82
2019-05-10 05:24:00,74.61,64.37,,38.55
2019-05-10 05:42:00,74.61,48.48,,38.31
2019-05-10 06:00:00,74.67,67.47,,38.15
2019-05-10 06:18:00,76.6,70.12,,38.99
2019-05-10 06:36:00,77.15,69.55,,39.73
2019-05-10 06:54:00,77.81,69.73,,39.9
2019-05-10 07:12:00,78.33,70.48,,44.25
2019-05-10 07:30:00,78.93,69.63,,46.07
2019-05-10 07:48:00,79.14,70.58,,49.78
2019-05-10 08:06:00,79.07,69.86,,52.28
2019-05-10 08:24:00,79.47,54.0,,49.32
2019-05-10 08:42:00,76.87,67.43,,46.89
2019-05-10 09:00:00,76.12,65.99,,47.11
2019-05-10 09:18:00,75.83,60.34,,47.44
2019-05-10 09:36:00,75.54,67.01,,48.06
2019-05-10 09:54:00,75.12,67.19,,49.41
2019-05-10 10:12:00,74.96,67.22,,50.64
2019-05-10 10:30:00,74.87,64.11,,51.5
2019-05-10 10:48:00,74.79,65.62,,51.37
2019-05-10 11:06:00,75.19,65.85,,52.57
2019-05-10 11:24:00,74.44,66.61,,53.15
2019-05-10 11:42:00,74.61,66.32,,54.09
2019-05-10 12:00:00,75.77,67.97,,55.02
2019-05-10 12:18:00,77.39,69.15,,56.28
2019-05-10 12:36:00,75.6,68.25,,57.47
2019-05-10 12:54:00,74.79,68.78,,59.56
2019-05-10 13:12:00,74.39,68.28,,60.02
2019-05-10 13:30:00,74.05,69.31,,59.51
2019-05-10 13:48:00,73.82,70.02,,59.96
2019-05-10 14:06:00,73.7,70.02,,60.04
2019-05-10 14:24:00,73.44,70.07,,61.29
2019-05-10 14:42:00,73.44,70.04,,60.72
2019-05-10 15:00:00,73.42,69.25,,60.94
2019-05-10 15:18:00,73.26,68.84,,60.39
2019-05-10 15:36:00,73.18,69.88,,59.53
2019-05-10 15:54:00,73.14,69.9,,59.86
2019-05-10 16:12:00,73.05,69.88,,59.77
2019-05-10 16:30:00,72.9,69.87,,60.6
2019-05-10 16:48:00,72.73,69.73,,59.72
2019-05-10 17:06:00,72.6,69.86,,59.96
2019-05-10 17:24:00,72.56,70.02,,59.13
2019-05-10 17:42:00,72.58,70.3,,59.71
2019-05-10 18:00:00,72.67,71.13,Off,61.22
2019-05-10 18:18:00,72.56,72.38,,65.95
2019-05-10 18:36:00,72.56,72.53,,66.48
2019-05-10 18:54:00,71.58,72.5,,62.6
2019-05-10 19:12:00,71.65,71.76,,60.58
2019-05-10 19:30:00,71.27,70.36,,59.1
2019-05-10 19:48:00,70.26,68.96,,58.36
2019-05-10 20:06:00,69.66,68.59,,57.65
2019-05-10 20:24:00,68.07,68.25,,56.37
2019-05-10 20:42:00,67.32,67.9,,55.09
2019-05-10 21:00:00,66.09,67.36,,54.06
2019-05-10 21:18:00,65.48,67.01,,52.99
2019-05-10 21:36:00,65.62,66.79,,52.28
2019-05-10 21:54:00,65.58,66.61,,51.39
2019-05-10 22:12:00,65.42,66.44,,50.69
2019-05-10 22:30:00,69.17,68.62,On,49.82
2019-05-10 22:48:00,75.04,76.89,Off,48.98
2019-05-10 23:06:00,79.14,90.82,,48.41
2019-05-10 23:24:00,76.01,88.33,,47.81
2019-05-10 23:42:00,76.02,84.28,,47.25
2019-05-11 00:00:00,73.16,78.64,,46.62
2019-05-11 00:18:00,66.08,73.65,,46.13
2019-05-11 00:36:00,65.73,71.44,,45.89
2019-05-11 00:54:00,64.49,69.66,,45.53
2019-05-11 01:12:00,62.54,68.25,,44.89
2019-05-11 01:30:00,61.15,66.72,,44.56
2019-05-11 01:48:00,60.85,66.08,On,44.72
2019-05-11 02:06:00,72.38,69.9,,45.0
2019-05-11 02:24:00,72.88,71.54,Off,45.1
2019-05-11 02:42:00,77.88,88.08,,45.3
2019-05-11 03:00:00,76.02,85.53,,45.48
2019-05-11 03:18:00,72.29,80.06,,45.26
2019-05-11 03:36:00,69.31,76.88,,44.65
2019-05-11 03:54:00,67.53,74.61,,43.84
2019-05-11 04:12:00,67.43,72.89,,43.3
2019-05-11 04:30:00,68.37,71.36,,42.93
2019-05-11 04:48:00,71.67,69.51,On,42.36
2019-05-11 05:06:00,73.54,71.09,Off,41.88
2019-05-11 05:24:00,73.41,93.05,,41.47
2019-05-11 05:42:00,73.03,93.38,,41.31
2019-05-11 06:00:00,73.22,85.61,,41.53
2019-05-11 06:18:00,72.6,70.9,On,43.26
2019-05-11 06:36:00,74.84,72.56,Off,47.45
2019-05-11 06:54:00,75.86,84.54,,45.72
2019-05-11 07:12:00,74.8,92.18,,45.82
2019-05-11 07:30:00,74.8,86.26,,47.32
2019-05-11 07:48:00,75.66,81.24,,49.06
2019-05-11 08:06:00,73.91,78.82,,51.22
2019-05-11 08:24:00,73.1,76.88,On,53.05
2019-05-11 08:42:00,73.09,71.67,Off,54.9
2019-05-11 09:00:00,74.88,83.84,,55.78
2019-05-11 09:18:00,73.96,92.01,,57.44
2019-05-11 09:36:00,75.88,87.17,,58.49
2019-05-11 09:54:00,76.93,84.74,,58.38
2019-05-11 10:12:00,73.25,81.98,,58.63
2019-05-11 10:30:00,73.76,78.72,,59.25
2019-05-11 10:48:00,73.6,77.41,,59.86
2019-05-11 11:06:00,73.96,77.14,,60.37
2019-05-11 11:24:00,74.13,76.7,,61.19
2019-05-11 11:42:00,74.22,76.01,,61.73
2019-05-11 12:00:00,74.03,75.72,,62.64
2019-05-11 12:18:00,72.44,74.27,,63.36
2019-05-11 12:36:00,72.36,73.56,,64.05
2019-05-11 12:54:00,72.4,73.47,,64.81
2019-05-11 13:12:00,72.27,73.03,,65.91
2019-05-11 13:30:00,72.58,72.97,,65.2
2019-05-11 13:48:00,72.91,73.13,,65.17
2019-05-11 14:06:00,72.33,73.4,,65.25
2019-05-11 14:24:00,72.24,73.03,,65.05
2019-05-11 14:42:00,72.35,72.89,,65.55
2019-05-11 15:00:00,72.64,73.35,,66.26
2019-05-11 15:18:00,72.85,74.32,,66.44
2019-05-11 15:36:00,72.65,74.68,,66.41
2019-05-11 15:54:00,72.74,74.71,,66.08
2019-05-11 16:12:00,72.83,75.2,,65.78
2019-05-11 16:30:00,72.6,74.46,,64.68
2019-05-11 16:48:00,72.62,74.09,,64.36
2019-05-11 17:06:00,72.31,73.96,,64.19
2019-05-11 17:24:00,72.25,73.2,,63.4
2019-05-11 17:42:00,72.1,72.5,,63.84
2019-05-11 18:00:00,71.81,72.56,,63.85
2019-05-11 18:18:00,70.74,72.01,,64.67
2019-05-11 18:36:00,70.73,72.2,,68.0
2019-05-11 18:54:00,70.29,72.32,,64.55
2019-05-11 19:12:00,70.05,71.61,,66.79
2019-05-11 19:30:00,69.05,71.27,,64.68
2019-05-11 19:48:00,67.53,70.36,,61.6
2019-05-11 20:06:00,66.46,69.63,,60.51
2019-05-11 20:24:00,65.35,68.78,,57.95
2019-05-11 20:42:00,64.84,67.9,,55.55
2019-05-11 21:00:00,63.63,67.18,,53.96
2019-05-11 21:18:00,62.58,66.61,,52.65
2019-05-11 21:36:00,62.25,66.35,,52.1
2019-05-11 21:54:00,62.07,66.26,,51.8
2019-05-11 22:12:00,61.14,66.08,,51.5
2019-05-11 22:30:00,60.99,65.78,,50.72
2019-05-11 22:48:00,61.0,65.61,,49.09
2019-05-11 23:06:00,61.14,65.55,,47.73
2019-05-11 23:24:00,60.96,65.37,,47.28
2019-05-11 23:42:00,60.44,65.2,,46.89
2019-05-12 00:00:00,60.37,65.08,,46.35
2019-05-12 00:18:00,60.2,65.02,,45.82
2019-05-12 00:36:00,59.76,64.89,,45.57
2019-05-12 00:54:00,59.7,64.84,,45.26
2019-05-12 01:12:00,59.51,64.67,,44.91
2019-05-12 01:30:00,59.2,64.49,,44.56
2019-05-12 01:48:00,58.82,64.2,,44.69
2019-05-12 02:06:00,58.9,64.2,,44.84
2019-05-12 02:24:00,59.16,64.24,,44.94
2019-05-12 02:42:00,59.24,64.29,,45.23
2019-05-12 03:00:00,59.45,64.38,,45.53
2019-05-12 03:18:00,59.05,64.18,,45.6
2019-05-12 03:36:00,58.24,63.78,,45.86
2019-05-12 03:54:00,58.28,63.6,,45.91
2019-05-12 04:12:00,59.73,64.02,,45.72
2019-05-12 04:30:00,64.13,64.73,On,45.55
2019-05-12 04:48:00,71.67,69.33,,45.17
2019-05-12 05:06:00,72.92,70.7,Off,44.63
2019-05-12 05:24:00,72.81,75.71,,44.26
2019-05-12 05:42:00,72.19,82.38,,44.0
2019-05-12 06:00:00,72.26,79.74,,44.04
2019-05-12 06:18:00,72.32,75.96,On,47.27
2019-05-12 06:36:00,72.78,70.61,,50.76
2019-05-12 06:54:00,73.97,71.85,Off,54.1
2019-05-12 07:12:00,75.31,88.94,,57.97
2019-05-12 07:30:00,73.74,87.02,,59.99
2019-05-12 07:48:00,73.44,81.8,,60.64
2019-05-12 08:06:00,73.98,79.19,,59.19
2019-05-12 08:24:00,71.76,76.7,,58.18
2019-05-12 08:42:00,71.43,75.14,,55.7
2019-05-12 09:00:00,71.21,74.01,,56.18
2019-05-12 09:18:00,71.08,73.38,,57.03
2019-05-12 09:36:00,70.96,72.85,,57.44
2019-05-12 09:54:00,70.86,72.62,,58.84
2019-05-12 10:12:00,70.77,72.54,,59.17
2019-05-12 10:30:00,70.68,72.35,,58.99
2019-05-12 10:48:00,71.14,72.32,,60.79
2019-05-12 11:06:00,71.43,72.14,,61.66
2019-05-12 11:24:00,71.08,72.36,,63.09
2019-05-12 11:42:00,71.94,72.73,,64.38
2019-05-12 12:00:00,72.05,72.33,,63.7
2019-05-12 12:18:00,71.57,70.94,,62.37
2019-05-12 12:36:00,71.14,70.2,,62.05
2019-05-12 12:54:00,70.41,69.66,,62.22
2019-05-12 13:12:00,69.82,69.31,,62.43
2019-05-12 13:30:00,69.22,68.33,,62.56
2019-05-12 13:48:00,68.78,67.93,,63.68
2019-05-12 14:06:00,68.82,68.27,,65.48
2019-05-12 14:24:00,69.15,69.18,,67.46
2019-05-12 14:42:00,69.85,70.61,,68.61
2019-05-12 15:00:00,70.31,71.41,,69.44
2019-05-12 15:18:00,70.79,71.67,,69.87
2019-05-12 15:36:00,70.94,71.57,,69.78
2019-05-12 15:54:00,70.93,71.28,,69.18
2019-05-12 16:12:00,70.77,71.08,,69.41
2019-05-12 16:30:00,70.43,70.84,,69.23
2019-05-12 16:48:00,70.77,70.68,,68.4
2019-05-12 17:06:00,70.84,70.37,,68.31
2019-05-12 17:24:00,70.9,70.37,,68.1
2019-05-12 17:42:00,70.79,70.19,,67.7
2019-05-12 18:00:00,70.21,70.03,,67.29
2019-05-12 18:18:00,67.9,69.13,,65.56
2019-05-12 18:36:00,67.02,68.25,,63.09
2019-05-12 18:54:00,66.44,67.72,,61.66
2019-05-12 19:12:00,66.3,67.54,,60.4
2019-05-12 19:30:00,65.46,67.26,,59.34
2019-05-12 19:48:00,64.62,66.8,,58.32
2019-05-12 20:06:00,64.36,66.66,,57.25
2019-05-12 20:24:00,64.02,66.58,,56.49
2019-05-12 20:42:00,63.7,66.44,,55.68
2019-05-12 21:00:00,62.95,66.0,,54.85
2019-05-12 21:18:00,62.61,65.73,,54.12
2019-05-12 21:36:00,62.4,65.73,On,53.51
2019-05-12 21:54:00,71.67,69.51,Off,51.99
2019-05-12 22:12:00,71.82,72.42,,51.15
2019-05-12 22:30:00,75.93,82.87,,50.95
2019-05-12 22:48:00,75.28,80.21,,50.11
2019-05-12 23:06:00,74.13,77.79,,49.42
2019-05-12 23:24:00,72.72,75.48,,48.93
2019-05-12 23:42:00,71.4,73.57,,47.92
2019-05-13 00:00:00,69.93,71.17,,47.72
2019-05-13 00:18:00,72.17,69.69,On,47.71
2019-05-13 00:36:00,73.81,71.51,Off,47.3
2019-05-13 00:54:00,73.55,85.0,,46.59
2019-05-13 01:12:00,73.03,88.72,,45.72
2019-05-13 01:30:00,72.94,83.28,,45.12
2019-05-13 01:48:00,72.39,70.2,On,44.39
2019-05-13 02:06:00,74.11,71.5,Off,43.79
2019-05-13 02:24:00,72.54,72.56,,43.42
2019-05-13 02:42:00,73.09,77.46,,43.32
2019-05-13 03:00:00,72.51,77.03,,42.91
2019-05-13 03:18:00,71.3,74.6,,42.18
2019-05-13 03:36:00,70.25,72.87,On,41.73
2019-05-13 03:54:00,73.09,70.43,,41.26
2019-05-13 04:12:00,74.8,72.2,,40.96
2019-05-13 04:30:00,76.11,72.26,,40.56
2019-05-13 04:48:00,76.94,70.26,,40.52
2019-05-13 05:06:00,77.45,70.42,,40.42
2019-05-13 05:24:00,77.95,70.12,,40.11
2019-05-13 05:42:00,78.24,67.91,,40.52
2019-05-13 06:00:00,76.72,57.9,,41.65
2019-05-13 06:18:00,75.66,65.61,,45.78
2019-05-13 06:36:00,76.46,53.0,,49.7
2019-05-13 06:54:00,75.48,66.19,,53.18
2019-05-13 07:12:00,75.66,60.77,,54.63
2019-05-13 07:30:00,75.13,61.61,,56.47
2019-05-13 07:48:00,73.96,67.03,,59.31
2019-05-13 08:06:00,73.58,67.75,,61.73
2019-05-13 08:24:00,73.41,68.31,,60.6
2019-05-13 08:42:00,73.34,69.19,,57.21
2019-05-13 09:00:00,73.26,69.63,,57.12
2019-05-13 09:18:00,73.04,70.18,,57.94
2019-05-13 09:36:00,73.03,70.59,,58.84
2019-05-13 09:54:00,72.91,70.61,,60.0
2019-05-13 10:12:00,72.72,70.28,,60.25
2019-05-13 10:30:00,72.57,70.39,,61.19
2019-05-13 10:48:00,72.64,70.43,,62.12
2019-05-13 11:06:00,72.52,70.65,,62.88
2019-05-13 11:24:00,72.56,70.79,,64.14
2019-05-13 11:42:00,72.56,71.29,,65.96
2019-05-13 12:00:00,72.46,71.99,,65.89
2019-05-13 12:18:00,72.54,72.19,,67.51
2019-05-13 12:36:00,72.67,72.14,,67.28
2019-05-13 12:54:00,72.56,71.96,,67.61
2019-05-13 13:12:00,72.58,72.17,,68.85
2019-05-13 13:30:00,72.53,72.17,,69.07
2019-05-13 13:48:00,72.54,72.03,,68.83
2019-05-13 14:06:00,72.34,71.95,,69.92
2019-05-13 14:24:00,72.42,72.03,,70.04
2019-05-13 14:42:00,72.56,72.2,,70.43
2019-05-13 15:00:00,72.71,72.33,,71.78
2019-05-13 15:18:00,72.66,72.38,,71.78
2019-05-13 15:36:00,72.89,72.39,,71.51
2019-05-13 15:54:00,72.73,72.38,,71.84
2019-05-13 16:12:00,72.85,72.41,,73.12
2019-05-13 16:30:00,72.92,72.53,,72.53
2019-05-13 16:48:00,73.03,72.56,,71.54
2019-05-13 17:06:00,73.09,72.73,,71.52
2019-05-13 17:24:00,73.07,72.67,,70.46
2019-05-13 17:42:00,73.19,72.63,,69.64
2019-05-13 18:00:00,73.13,72.61,,72.67
2019-05-13 18:18:00,73.13,72.73,,77.15
2019-05-13 18:36:00,73.1,72.73,,76.43
2019-05-13 18:54:00,73.19,72.73,,77.73
2019-05-13 19:12:00,73.09,72.67,,75.57
2019-05-13 19:30:00,73.2,72.41,,69.13
2019-05-13 19:48:00,73.14,72.32,,68.08
2019-05-13 20:06:00,73.16,72.2,,68.63
2019-05-13 20:24:00,73.16,72.14,,66.3
2019-05-13 20:42:00,73.2,72.14,,64.45
2019-05-13 21:00:00,73.06,71.97,Off,63.36
2019-05-13 21:18:00,72.91,71.79,,62.05
2019-05-13 21:36:00,72.91,71.43,,61.37
2019-05-13 21:54:00,72.77,71.12,,60.99
2019-05-13 22:12:00,72.73,70.9,,59.82
2019-05-13 22:30:00,72.88,70.46,,58.99
2019-05-13 22:48:00,72.2,69.84,,57.86
2019-05-13 23:06:00,70.9,69.31,,56.85
2019-05-13 23:24:00,70.94,68.96,,56.11
2019-05-13 23:42:00,71.67,68.96,,55.59
2019-05-14 00:00:00,72.43,68.35,,55.07
2019-05-14 00:18:00,72.24,67.8,,54.73
2019-05-14 00:36:00,71.84,67.54,,54.52
2019-05-14 00:54:00,69.15,67.19,,54.21
2019-05-14 01:12:00,69.31,67.22,,53.99
2019-05-14 01:30:00,67.98,67.12,,53.73
2019-05-14 01:48:00,69.41,67.2,On,53.52
2019-05-14 02:06:00,72.91,70.96,,53.25
2019-05-14 02:24:00,73.98,72.04,,53.12
2019-05-14 02:42:00,74.61,72.73,Off,52.91
2019-05-14 03:00:00,74.44,75.71,,52.37
2019-05-14 03:18:00,73.8,78.62,,51.77
2019-05-14 03:36:00,73.19,77.05,,51.09
2019-05-14 03:54:00,72.67,75.43,On,50.67
2019-05-14 04:12:00,74.47,72.2,,50.39
2019-05-14 04:30:00,76.38,72.55,,50.11
2019-05-14 04:48:00,77.46,70.84,,49.66
2019-05-14 05:06:00,77.85,70.59,,49.39
2019-05-14 05:24:00,78.35,70.61,,49.38
2019-05-14 05:42:00,78.72,70.73,,49.63
2019-05-14 06:00:00,78.51,61.84,,50.07
2019-05-14 06:18:00,76.72,66.93,,53.52
2019-05-14 06:36:00,76.36,67.03,,55.77
2019-05-14 06:54:00,75.44,65.43,,57.56
2019-05-14 07:12:00,74.79,67.57,,61.12
2019-05-14 07:30:00,74.12,68.2,,63.18
2019-05-14 07:48:00,73.68,68.84,,62.99
2019-05-14 08:06:00,73.45,68.98,,61.4
2019-05-14 08:24:00,73.42,69.73,,61.08
2019-05-14 08:42:00,73.34,70.08,,61.34
2019-05-14 09:00:00,73.23,70.67,,62.63
2019-05-14 09:18:00,73.11,70.63,,63.37
2019-05-14 09:36:00,72.97,70.73,,64.11
2019-05-14 09:54:00,72.85,70.77,,64.85
2019-05-14 10:12:00,72.8,70.79,,65.57
2019-05-14 10:30:00,72.72,70.86,,66.1
2019-05-14 10:48:00,72.82,72.57,,67.09
2019-05-14 11:06:00,72.87,72.74,,68.11
2019-05-14 11:24:00,73.09,73.03,,69.53
2019-05-14 11:42:00,72.91,73.03,,70.69
2019-05-14 12:00:00,73.08,73.09,,71.11
2019-05-14 12:18:00,73.07,73.26,,72.57
2019-05-14 12:36:00,73.26,73.31,,73.42
2019-05-14 12:54:00,73.31,73.44,,74.82
2019-05-14 13:12:00,73.38,73.56,,75.19
2019-05-14 13:30:00,73.51,73.71,,76.19
2019-05-14 13:48:00,73.6,73.66,,75.26
2019-05-14 14:06:00,73.56,73.56,,76.13
2019-05-14 14:24:00,73.56,73.59,,76.92
2019-05-14 14:42:00,73.66,73.66,,77.15
2019-05-14 15:00:00,73.69,73.59,,76.28
2019-05-14 15:18:00,73.78,73.73,,77.24
2019-05-14 15:36:00,73.94,73.92,,77.87
2019-05-14 15:54:00,73.96,73.73,,75.41
2019-05-14 16:12:00,73.96,73.59,,72.25
2019-05-14 16:30:00,74.06,73.03,,67.58
2019-05-14 16:48:00,74.13,73.09,,66.09
2019-05-14 17:06:00,74.13,73.03,,65.18
2019-05-14 17:24:00,74.11,73.03,,64.18
2019-05-14 17:42:00,73.97,67.74,,62.12
2019-05-14 18:00:00,73.62,68.42,,60.49
2019-05-14 18:18:00,73.25,68.16,,58.47
2019-05-14 18:36:00,73.31,68.8,,57.36
2019-05-14 18:54:00,73.2,69.37,,57.86
2019-05-14 19:12:00,73.2,70.08,,58.28
2019-05-14 19:30:00,73.13,70.27,,59.03
2019-05-14 19:48:00,73.04,70.37,,61.6
2019-05-14 20:06:00,73.16,70.37,,61.92
2019-05-14 20:24:00,73.06,70.15,,59.91
2019-05-14 20:42:00,72.88,70.0,,58.42
2019-05-14 21:00:00,72.19,69.95,Off,57.38
2019-05-14 21:18:00,72.35,70.26,,56.6
2019-05-14 21:36:00,72.65,70.02,,56.39
2019-05-14 21:54:00,72.5,69.98,,55.26
2019-05-14 22:12:00,72.34,69.9,,54.41
2019-05-14 22:30:00,72.38,69.75,,54.2
2019-05-14 22:48:00,72.32,69.58,,53.65
2019-05-14 23:06:00,72.27,69.69,,53.1
2019-05-14 23:24:00,72.14,70.04,,52.46
2019-05-14 23:42:00,71.9,70.2,,51.74
2019-05-15 00:00:00,71.88,69.71,,51.52
2019-05-15 00:18:00,71.85,69.31,,50.85
2019-05-15 00:36:00,71.83,68.96,,49.95
2019-05-15 00:54:00,71.79,68.91,,50.22
2019-05-15 01:12:00,71.66,69.02,,50.6
2019-05-15 01:30:00,71.58,69.19,,50.62
2019-05-15 01:48:00,71.67,69.09,,50.16
2019-05-15 02:06:00,71.63,68.96,,49.76
2019-05-15 02:24:00,71.67,68.43,,48.95
2019-05-15 02:42:00,71.67,67.54,,48.18
2019-05-15 03:00:00,71.58,67.21,,47.72
2019-05-15 03:18:00,71.48,67.16,,47.07
2019-05-15 03:36:00,71.34,66.26,,46.46
2019-05-15 03:54:00,71.39,65.21,On,46.12
2019-05-15 04:12:00,72.6,70.26,,45.71
2019-05-15 04:30:00,74.72,71.66,,45.05
2019-05-15 04:48:00,76.0,54.42,,44.49
2019-05-15 05:06:00,74.29,65.47,,43.89
2019-05-15 05:24:00,74.28,57.27,,43.38
2019-05-15 05:42:00,74.11,63.78,,42.88
2019-05-15 06:00:00,74.09,58.41,,44.24
2019-05-15 06:18:00,73.63,65.26,,47.53
2019-05-15 06:36:00,74.4,59.16,,51.36
2019-05-15 06:54:00,73.89,65.79,,54.94
2019-05-15 07:12:00,73.77,66.67,,58.22
2019-05-15 07:30:00,72.73,70.88,,60.85
2019-05-15 07:48:00,72.56,70.2,,61.28
2019-05-15 08:06:00,72.32,70.06,,63.59
2019-05-15 08:24:00,72.36,70.96,,63.58
2019-05-15 08:42:00,72.19,70.96,,58.68
2019-05-15 09:00:00,72.18,69.46,,58.26
2019-05-15 09:18:00,72.07,69.18,,58.86
2019-05-15 09:36:00,71.99,69.47,,59.2
2019-05-15 09:54:00,72.03,69.84,,59.51
2019-05-15 10:12:00,72.2,70.27,,59.99
2019-05-15 10:30:00,72.18,69.78,,60.05
2019-05-15 10:48:00,72.13,69.36,,60.2
2019-05-15 11:06:00,72.12,69.5,,60.64
2019-05-15 11:24:00,72.2,69.73,,60.92
2019-05-15 11:42:00,72.25,70.02,,61.26
2019-05-15 12:00:00,72.26,70.23,,61.99
2019-05-15 12:18:00,72.38,69.66,,63.79
2019-05-15 12:36:00,72.32,69.13,,64.1
2019-05-15 12:54:00,72.25,69.16,,65.43
2019-05-15 13:12:00,72.08,69.31,,65.84
2019-05-15 13:30:00,72.12,71.55,,63.58
2019-05-15 13:48:00,72.19,70.79,,64.27
2019-05-15 14:06:00,72.2,70.37,,65.65
2019-05-15 14:24:00,72.18,70.43,,65.84
2019-05-15 14:42:00,72.25,71.32,,66.27
2019-05-15 15:00:00,72.65,72.28,,66.42
2019-05-15 15:18:00,72.63,72.38,,67.26
2019-05-15 15:36:00,72.7,72.2,,67.0
2019-05-15 15:54:00,72.91,72.38,,65.37
2019-05-15 16:12:00,72.85,68.96,,64.22
2019-05-15 16:30:00,72.74,68.97,,64.02
2019-05-15 16:48:00,72.8,69.13,,63.87
2019-05-15 17:06:00,72.84,69.37,,63.56
2019-05-15 17:24:00,72.89,69.72,,63.46
2019-05-15 17:42:00,72.92,69.73,,63.52
2019-05-15 18:00:00,72.89,69.81,,64.25
2019-05-15 18:18:00,72.91,69.84,,65.52
2019-05-15 18:36:00,72.98,70.25,,62.19
2019-05-15 18:54:00,72.91,69.84,,59.17
2019-05-15 19:12:00,73.03,69.78,,57.68
2019-05-15 19:30:00,72.92,70.56,,56.66
2019-05-15 19:48:00,72.97,70.37,,55.16
2019-05-15 20:06:00,72.85,70.01,,53.14
2019-05-15 20:24:00,74.32,70.2,,51.77
2019-05-15 20:42:00,76.05,69.31,,50.52
2019-05-15 21:00:00,75.11,64.61,Off,49.62
2019-05-15 21:18:00,74.13,65.55,,49.05
2019-05-15 21:36:00,73.96,65.79,,48.66
2019-05-15 21:54:00,73.87,65.37,,48.23
2019-05-15 22:12:00,73.96,65.02,,47.77
2019-05-15 22:30:00,73.88,65.75,,47.62
2019-05-15 22:48:00,73.56,65.97,,47.49
2019-05-15 23:06:00,73.41,64.52,,47.53
2019-05-15 23:24:00,73.09,63.25,,47.59
2019-05-15 23:42:00,72.27,63.49,,47.73
2019-05-16 00:00:00,72.32,64.2,,47.66
2019-05-16 00:18:00,72.56,65.43,,47.38
2019-05-16 00:36:00,72.04,66.67,,47.0
2019-05-16 00:54:00,67.53,67.12,,46.2
2019-05-16 01:12:00,70.83,66.78,,45.65
2019-05-16 01:30:00,70.75,66.98,,45.24
2019-05-16 01:48:00,71.72,67.36,,44.92
2019-05-16 02:06:00,71.99,67.48,,45.27
2019-05-16 02:24:00,71.96,67.66,,45.78
2019-05-16 02:42:00,71.96,67.54,,45.89
2019-05-16 03:00:00,71.99,66.7,,45.61
2019-05-16 03:18:00,71.83,66.89,,45.19
2019-05-16 03:36:00,71.14,66.81,,45.21
2019-05-16 03:54:00,63.25,65.38,On,45.21
2019-05-16 04:12:00,72.91,70.28,,45.38
2019-05-16 04:30:00,74.09,70.5,,44.72
2019-05-16 04:48:00,74.02,68.62,,43.94
2019-05-16 05:06:00,74.08,62.88,,43.51
2019-05-16 05:24:00,73.95,62.09,,43.18
2019-05-16 05:42:00,73.56,64.55,,43.49
2019-05-16 06:00:00,73.88,63.48,,44.85
2019-05-16 06:18:00,73.67,65.43,,48.56
2019-05-16 06:36:00,75.16,68.44,,53.87
2019-05-16 06:54:00,76.4,61.32,,56.55
2019-05-16 07:12:00,74.44,64.2,,57.39
2019-05-16 07:30:00,73.19,67.03,,59.97
2019-05-16 07:48:00,72.85,68.44,,62.73
2019-05-16 08:06:00,72.73,68.99,,63.67
2019-05-16 08:24:00,72.67,69.49,,62.14
2019-05-16 08:42:00,72.5,69.9,,59.9
2019-05-16 09:00:00,72.5,70.16,,60.42
2019-05-16 09:18:00,72.36,70.37,,61.17
2019-05-16 09:36:00,72.36,70.55,,62.06
2019-05-16 09:54:00,72.32,70.59,,62.73
2019-05-16 10:12:00,72.28,70.37,,63.26
2019-05-16 10:30:00,72.21,70.26,,63.96
2019-05-16 10:48:00,72.27,70.26,,64.46
2019-05-16 11:06:00,72.2,70.02,,65.25
2019-05-16 11:24:00,72.2,70.15,,65.56
2019-05-16 11:42:00,72.2,69.7,,64.58
2019-05-16 12:00:00,72.19,69.25,,64.46
2019-05-16 12:18:00,72.32,68.92,,63.92
2019-05-16 12:36:00,72.27,68.41,,63.8
2019-05-16 12:54:00,72.2,68.07,,62.83
2019-05-16 13:12:00,72.1,68.12,,62.89
2019-05-16 13:30:00,72.01,68.76,,63.13
2019-05-16 13:48:00,72.03,69.71,,62.47
2019-05-16 14:06:00,72.0,70.04,,63.12
2019-05-16 14:24:00,72.03,70.02,,63.1
2019-05-16 14:42:00,72.01,70.02,,62.78
2019-05-16 15:00:00,72.05,70.17,,63.47
2019-05-16 15:18:00,72.03,70.26,,63.34
2019-05-16 15:36:00,72.1,70.43,,63.76
2019-05-16 15:54:00,72.03,70.2,,64.1
2019-05-16 16:12:00,72.3,70.55,,65.06
2019-05-16 16:30:00,72.42,70.28,,65.17
2019-05-16 16:48:00,72.56,70.02,,65.05
2019-05-16 17:06:00,72.51,69.98,,64.63
2019-05-16 17:24:00,72.5,69.84,,64.2
2019-05-16 17:42:00,72.38,69.7,,64.54
2019-05-16 18:00:00,72.33,69.76,,64.87
2019-05-16 18:18:00,72.2,70.43,,65.4
2019-05-16 18:36:00,72.14,71.32,,65.78
2019-05-16 18:54:00,72.03,71.26,,65.89
2019-05-16 19:12:00,72.03,71.26,,66.37
2019-05-16 19:30:00,71.86,71.12,,66.04
2019-05-16 19:48:00,71.82,71.04,,67.25
2019-05-16 20:06:00,71.83,70.94,,65.81
2019-05-16 20:24:00,71.89,70.9,,63.22
2019-05-16 20:42:00,71.98,70.9,,61.22
2019-05-16 21:00:00,71.85,70.75,Off,60.28
2019-05-16 21:18:00,71.67,70.55,,60.1
2019-05-16 21:36:00,71.6,70.19,,59.29
2019-05-16 21:54:00,71.5,69.84,,59.8
2019-05-16 22:12:00,71.41,69.58,,59.88
2019-05-16 22:30:00,71.2,69.29,,59.53
2019-05-16 22:48:00,71.19,68.96,,58.25
2019-05-16 23:06:00,71.3,68.78,,57.5
2019-05-16 23:24:00,71.25,68.56,,56.9
2019-05-16 23:42:00,71.08,68.45,,57.41
2019-05-17 00:00:00,70.93,68.34,On,54.67
2019-05-17 00:18:00,72.2,70.29,,53.83
2019-05-17 00:36:00,74.01,72.2,Off,53.55
2019-05-17 00:54:00,73.6,91.0,,51.91
2019-05-17 01:12:00,73.07,91.99,,50.17
2019-05-17 01:30:00,72.76,84.37,,49.12
2019-05-17 01:48:00,72.45,78.4,,48.16
2019-05-17 02:06:00,72.36,75.75,,47.38
2019-05-17 02:24:00,71.85,73.4,,46.61
2019-05-17 02:42:00,70.2,71.64,,45.68
2019-05-17 03:00:00,70.4,69.58,,44.99
2019-05-17 03:18:00,67.75,67.9,,44.25
2019-05-17 03:36:00,66.66,67.19,,43.62
2019-05-17 03:54:00,65.37,66.38,On,42.97
2019-05-17 04:12:00,72.81,70.04,,42.57
2019-05-17 04:30:00,74.64,71.12,,42.1
2019-05-17 04:48:00,75.85,69.75,,41.33
2019-05-17 05:06:00,76.33,69.84,,40.5
2019-05-17 05:24:00,77.05,70.43,,40.03
2019-05-17 05:42:00,77.63,69.66,,40.01
2019-05-17 06:00:00,78.18,60.8,,42.28
2019-05-17 06:18:00,76.37,65.85,,46.35
2019-05-17 06:36:00,76.36,62.83,,48.14
2019-05-17 06:54:00,76.14,66.67,,49.2
2019-05-17 07:12:00,77.5,68.07,,50.02
2019-05-17 07:30:00,76.55,67.1,,51.85
2019-05-17 07:48:00,76.0,66.67,,52.84
2019-05-17 08:06:00,76.59,67.69,,53.27
2019-05-17 08:24:00,77.7,68.97,,50.86
2019-05-17 08:42:00,78.39,69.92,,48.19
2019-05-17 09:00:00,78.44,62.21,,48.04
2019-05-17 09:18:00,76.57,66.4,,48.83
2019-05-17 09:36:00,76.05,67.38,,49.54
2019-05-17 09:54:00,75.83,67.96,,51.39
2019-05-17 10:12:00,75.85,65.82,,52.21
2019-05-17 10:30:00,75.54,65.41,,50.99
2019-05-17 10:48:00,75.32,67.6,,50.89
2019-05-17 11:06:00,75.18,67.54,,51.07
2019-05-17 11:24:00,75.32,59.0,,51.62
2019-05-17 11:42:00,75.54,66.42,,52.62
2019-05-17 12:00:00,75.31,67.64,,53.44
2019-05-17 12:18:00,75.19,67.78,,54.42
2019-05-17 12:36:00,75.14,67.2,,55.32
2019-05-17 12:54:00,75.51,65.99,,55.72
2019-05-17 13:12:00,75.48,65.92,,56.44
2019-05-17 13:30:00,74.2,67.68,,56.74
2019-05-17 13:48:00,73.56,67.78,,57.1
2019-05-17 14:06:00,73.41,68.31,,58.68
2019-05-17 14:24:00,73.26,68.7,,59.71
2019-05-17 14:42:00,73.2,68.93,,59.13
2019-05-17 15:00:00,73.14,69.38,,60.9
2019-05-17 15:18:00,72.88,69.73,,59.6
2019-05-17 15:36:00,72.95,69.84,,59.12
2019-05-17 15:54:00,72.85,70.2,,59.8
2019-05-17 16:12:00,72.84,70.13,,61.36
2019-05-17 16:30:00,72.64,69.8,,61.37
2019-05-17 16:48:00,72.69,70.2,,64.01
2019-05-17 17:06:00,72.73,70.15,,63.85
2019-05-17 17:24:00,72.78,69.96,,62.32
2019-05-17 17:42:00,72.69,69.63,,62.06
2019-05-17 18:00:00,72.52,70.6,Off,60.8
2019-05-17 18:18:00,72.38,71.14,,62.6
2019-05-17 18:36:00,72.32,71.08,,64.51
2019-05-17 18:54:00,72.18,70.9,,61.2
2019-05-17 19:12:00,72.14,70.59,,62.24
2019-05-17 19:30:00,72.03,70.42,,62.84
2019-05-17 19:48:00,72.19,70.2,,61.74
2019-05-17 20:06:00,72.34,69.31,On,54.97
2019-05-17 20:24:00,72.54,70.79,,52.2
2019-05-17 20:42:00,72.45,70.73,,51.42
2019-05-17 21:00:00,72.46,70.7,,50.86
2019-05-17 21:18:00,72.32,70.37,,49.49
2019-05-17 21:36:00,72.09,70.2,,48.14
2019-05-17 21:54:00,71.85,69.87,,47.28
2019-05-17 22:12:00,71.74,69.71,,46.59
2019-05-17 22:30:00,71.66,69.57,,45.65
2019-05-17 22:48:00,71.57,69.31,,43.87
2019-05-17 23:06:00,71.3,70.08,Off,42.97
2019-05-17 23:24:00,72.87,80.95,,43.13
2019-05-17 23:42:00,72.67,79.69,,43.44
2019-05-18 00:00:00,69.95,75.57,,43.35
2019-05-18 00:18:00,67.72,72.19,,43.05
2019-05-18 00:36:00,65.64,70.59,,42.94
2019-05-18 00:54:00,63.72,69.13,,42.14
2019-05-18 01:12:00,63.34,68.07,,41.06
2019-05-18 01:30:00,62.26,66.9,,41.01
2019-05-18 01:48:00,70.84,67.96,On,41.43
2019-05-18 02:06:00,70.77,71.85,Off,41.64
2019-05-18 02:24:00,74.83,84.31,,41.44
2019-05-18 02:42:00,73.8,83.02,,41.31
2019-05-18 03:00:00,72.51,78.46,,41.1
2019-05-18 03:18:00,70.19,74.61,,41.1
2019-05-18 03:36:00,68.25,72.32,,40.75
2019-05-18 03:54:00,66.75,70.55,On,40.37
2019-05-18 04:12:00,71.55,68.97,,40.03
2019-05-18 04:30:00,72.87,73.6,Off,40.1
2019-05-18 04:48:00,72.19,79.77,,39.66
2019-05-18 05:06:00,71.79,77.75,,39.49
2019-05-18 05:24:00,71.8,70.01,On,39.23
2019-05-18 05:42:00,73.44,70.61,Off,38.66
2019-05-18 06:00:00,73.16,73.91,,38.19
2019-05-18 06:18:00,72.35,76.88,,37.85
2019-05-18 06:36:00,72.2,70.02,On,37.69
2019-05-18 06:54:00,74.15,71.32,,37.61
2019-05-18 07:12:00,74.79,72.03,Off,37.74
2019-05-18 07:30:00,73.34,78.48,,37.97
2019-05-18 07:48:00,72.6,76.7,,38.47
2019-05-18 08:06:00,72.38,74.61,On,38.81
2019-05-18 08:24:00,73.26,70.48,,38.77
2019-05-18 08:42:00,74.87,71.89,Off,38.48
2019-05-18 09:00:00,73.62,92.51,,38.85
2019-05-18 09:18:00,72.91,84.63,,38.82
2019-05-18 09:36:00,72.5,79.87,On,38.79
2019-05-18 09:54:00,73.07,70.43,,38.66
2019-05-18 10:12:00,74.81,72.03,Off,38.61
2019-05-18 10:30:00,74.17,92.9,,38.48
2019-05-18 10:48:00,73.37,88.73,,38.6
2019-05-18 11:06:00,73.02,83.94,,39.01
2019-05-18 11:24:00,72.7,79.89,,39.39
2019-05-18 11:42:00,72.66,76.87,,39.47
2019-05-18 12:00:00,72.43,73.56,,39.47
2019-05-18 12:18:00,72.19,71.46,,39.55
2019-05-18 12:36:00,72.2,69.84,On,39.68
2019-05-18 12:54:00,73.86,70.97,Off,39.92
2019-05-18 13:12:00,73.93,72.03,,40.23
2019-05-18 13:30:00,72.79,76.81,,40.34
2019-05-18 13:48:00,72.32,75.14,,40.33
2019-05-18 14:06:00,72.38,70.2,On,40.36
2019-05-18 14:24:00,73.85,71.14,Off,41.04
2019-05-18 14:42:00,73.25,83.21,,42.02
2019-05-18 15:00:00,72.75,82.17,,42.52
2019-05-18 15:18:00,72.52,77.44,,42.94
2019-05-18 15:36:00,72.45,74.96,,43.59
2019-05-18 15:54:00,72.39,73.22,On,44.53
2019-05-18 16:12:00,72.56,70.37,,44.29
2019-05-18 16:30:00,74.13,81.68,Off,44.49
2019-05-18 16:48:00,73.34,88.54,,44.29
2019-05-18 17:06:00,72.91,83.37,On,44.63
2019-05-18 17:24:00,72.91,71.08,,44.66
2019-05-18 17:42:00,74.79,72.2,Off,44.69
2019-05-18 18:00:00,74.22,77.0,,44.67
2019-05-18 18:18:00,74.02,78.31,,44.44
2019-05-18 18:36:00,74.61,76.53,,44.13
2019-05-18 18:54:00,74.3,74.79,,43.85
2019-05-18 19:12:00,73.77,73.25,,43.7
2019-05-18 19:30:00,73.5,71.09,,43.69
2019-05-18 19:48:00,73.09,69.31,,43.52
2019-05-18 20:06:00,72.36,69.55,On,43.28
2019-05-18 20:24:00,73.59,71.01,Off,42.73
2019-05-18 20:42:00,73.38,73.09,,41.98
2019-05-18 21:00:00,73.01,75.85,,41.44
2019-05-18 21:18:00,72.78,73.96,,41.13
2019-05-18 21:36:00,72.56,72.32,On,40.89
2019-05-18 21:54:00,72.56,69.87,,40.72
2019-05-18 22:12:00,74.11,71.32,Off,40.58
2019-05-18 22:30:00,73.4,88.06,,40.54
2019-05-18 22:48:00,72.97,83.11,,40.54
2019-05-18 23:06:00,72.81,79.49,,40.62
2019-05-18 23:24:00,72.56,76.62,On,40.6
2019-05-18 23:42:00,72.33,70.06,,40.54
2019-05-19 00:00:00,73.81,72.61,Off,40.73
2019-05-19 00:18:00,73.39,81.82,,40.56
2019-05-19 00:36:00,73.09,80.58,,40.47
2019-05-19 00:54:00,72.85,77.96,,40.31
2019-05-19 01:12:00,72.39,75.31,,40.19
2019-05-19 01:30:00,72.26,71.54,On,40.18
2019-05-19 01:48:00,73.62,70.79,,40.03
2019-05-19 02:06:00,74.28,80.42,Off,39.94
2019-05-19 02:24:00,73.82,90.62,,39.8
2019-05-19 02:42:00,73.09,86.47,,39.65
2019-05-19 03:00:00,72.57,80.47,,39.66
2019-05-19 03:18:00,72.2,75.66,,39.85
2019-05-19 03:36:00,72.2,71.11,On,40.09
2019-05-19 03:54:00,73.44,70.61,Off,40.26
2019-05-19 04:12:00,73.05,89.12,,40.58
2019-05-19 04:30:00,72.52,84.56,,40.97
2019-05-19 04:48:00,72.1,70.65,On,40.5
2019-05-19 05:06:00,73.62,70.79,,39.9
2019-05-19 05:24:00,73.74,71.77,Off,39.25
2019-05-19 05:42:00,73.09,76.66,,38.2
2019-05-19 06:00:00,72.61,75.31,,37.46
2019-05-19 06:18:00,72.14,72.5,,36.88
2019-05-19 06:36:00,72.01,70.59,On,36.68
2019-05-19 06:54:00,72.06,69.2,,36.48
2019-05-19 07:12:00,73.59,70.48,Off,36.4
2019-05-19 07:30:00,73.02,84.75,,36.06
2019-05-19 07:48:00,72.5,80.76,,35.5
2019-05-19 08:06:00,72.21,77.01,,35.18
2019-05-19 08:24:00,72.17,70.02,On,34.25
2019-05-19 08:42:00,73.62,70.46,Off,33.25
2019-05-19 09:00:00,72.96,85.05,,32.95
2019-05-19 09:18:00,72.43,80.5,,32.82
2019-05-19 09:36:00,72.38,69.59,On,32.84
2019-05-19 09:54:00,74.02,70.79,Off,32.73
2019-05-19 10:12:00,73.56,86.16,,32.77
2019-05-19 10:30:00,72.93,84.75,,32.88
2019-05-19 10:48:00,72.73,71.62,On,32.98
2019-05-19 11:06:00,74.32,71.14,,33.17
2019-05-19 11:24:00,75.19,72.2,Off,33.18
2019-05-19 11:42:00,74.27,73.26,,33.33
2019-05-19 12:00:00,73.08,73.68,On,33.24
2019-05-19 12:18:00,74.67,71.55,Off,33.25
2019-05-19 12:36:00,74.27,89.76,,33.35
2019-05-19 12:54:00,73.77,89.4,,33.13
2019-05-19 13:12:00,73.37,84.29,,32.83
2019-05-19 13:30:00,73.17,75.1,On,32.8
2019-05-19 13:48:00,73.96,86.26,Off,32.79
2019-05-19 14:06:00,73.42,90.8,,33.05
2019-05-19 14:24:00,73.03,85.11,,33.47
2019-05-19 14:42:00,72.69,80.06,,33.79
2019-05-19 15:00:00,72.38,75.41,,34.06
2019-05-19 15:18:00,72.06,72.15,,34.09
2019-05-19 15:36:00,71.96,70.42,On,34.39
2019-05-19 15:54:00,72.73,69.73,,35.49
2019-05-19 16:12:00,74.45,71.5,,36.13
2019-05-19 16:30:00,73.99,74.29,Off,36.66
2019-05-19 16:48:00,72.91,77.27,,37.08
2019-05-19 17:06:00,72.56,75.47,,37.17
2019-05-19 17:24:00,72.36,73.59,On,37.35
2019-05-19 17:42:00,73.09,70.26,,37.46
2019-05-19 18:00:00,74.99,76.6,Off,37.76
2019-05-19 18:18:00,77.29,84.79,,38.35
2019-05-19 18:36:00,77.01,82.67,,38.63
2019-05-19 18:54:00,74.27,80.38,,38.96
2019-05-19 19:12:00,72.33,78.13,,39.11
2019-05-19 19:30:00,71.53,73.02,On,39.1
2019-05-19 19:48:00,73.96,71.32,Off,38.94
2019-05-19 20:06:00,74.11,78.16,,38.82
2019-05-19 20:24:00,76.39,83.78,,38.6
2019-05-19 20:42:00,75.57,81.8,,38.23
2019-05-19 21:00:00,73.02,77.6,On,38.04
2019-05-19 21:18:00,72.91,70.26,,37.92
2019-05-19 21:36:00,73.85,71.14,Off,37.8
2019-05-19 21:54:00,72.21,76.24,,37.73
2019-05-19 22:12:00,72.35,77.24,,37.72
2019-05-19 22:30:00,69.93,73.49,,37.96
2019-05-19 22:48:00,72.38,69.59,On,38.08
2019-05-19 23:06:00,74.11,71.32,Off,37.95
2019-05-19 23:24:00,75.23,79.01,,37.86
2019-05-19 23:42:00,77.98,88.76,,37.79
2019-05-20 00:00:00,75.45,84.14,,37.81
2019-05-20 00:18:00,72.85,79.0,On,37.79
2019-05-20 00:36:00,73.09,70.61,,37.63
2019-05-20 00:54:00,74.49,71.85,Off,37.6
2019-05-20 01:12:00,73.77,89.41,,37.52
2019-05-20 01:30:00,75.44,85.7,,37.32
2019-05-20 01:48:00,72.9,76.92,On,36.98
2019-05-20 02:06:00,73.44,70.63,Off,36.51
2019-05-20 02:24:00,77.64,87.7,,36.19
2019-05-20 02:42:00,78.97,89.23,,35.87
2019-05-20 03:00:00,76.2,83.3,On,35.49
2019-05-20 03:18:00,73.1,70.43,,35.12
2019-05-20 03:36:00,73.62,75.58,Off,34.89
2019-05-20 03:54:00,77.77,87.7,On,34.51
2019-05-20 04:12:00,73.44,70.79,,34.25
2019-05-20 04:30:00,75.16,71.4,,34.39
2019-05-20 04:48:00,76.16,70.2,,34.45
2019-05-20 05:06:00,76.59,69.65,,34.57
2019-05-20 05:24:00,76.89,69.55,,34.6
2019-05-20 05:42:00,77.63,70.4,,35.51
2019-05-20 06:00:00,78.09,63.26,,37.86
2019-05-20 06:18:00,76.36,64.7,,37.84
2019-05-20 06:36:00,76.59,64.65,,37.31
2019-05-20 06:54:00,75.67,65.61,,40.55
2019-05-20 07:12:00,76.92,68.81,,44.66
2019-05-20 07:30:00,78.38,69.76,,48.24
2019-05-20 07:48:00,79.03,68.6,,52.22
2019-05-20 08:06:00,79.49,69.68,,55.53
2019-05-20 08:24:00,78.61,68.35,,55.5
2019-05-20 08:42:00,76.22,70.86,,51.17
2019-05-20 09:00:00,77.8,64.72,,50.54
2019-05-20 09:18:00,76.36,66.73,,51.13
2019-05-20 09:36:00,76.07,62.33,,51.97
2019-05-20 09:54:00,76.26,58.78,,52.61
2019-05-20 10:12:00,75.79,66.51,,53.37
2019-05-20 10:30:00,75.77,66.49,,53.76
2019-05-20 10:48:00,75.5,67.43,,53.5
2019-05-20 11:06:00,76.14,67.99,,53.5
2019-05-20 11:24:00,77.29,69.55,,53.65
2019-05-20 11:42:00,77.79,70.08,,53.85
2019-05-20 12:00:00,76.8,65.51,,54.6
2019-05-20 12:18:00,75.43,67.66,,56.24
2019-05-20 12:36:00,74.92,65.78,,56.94
2019-05-20 12:54:00,74.45,67.91,,58.75
2019-05-20 13:12:00,74.27,68.38,,59.44
2019-05-20 13:30:00,73.89,69.25,,60.77
2019-05-20 13:48:00,73.69,69.13,,61.4
2019-05-20 14:06:00,73.72,70.73,,61.53
2019-05-20 14:24:00,73.56,69.88,,61.47
2019-05-20 14:42:00,73.42,69.15,,61.9
2019-05-20 15:00:00,73.23,69.77,,62.65
2019-05-20 15:18:00,73.2,69.51,,63.05
2019-05-20 15:36:00,73.1,69.68,,63.3
2019-05-20 15:54:00,73.06,70.43,,64.0
2019-05-20 16:12:00,72.98,70.42,,64.33
2019-05-20 16:30:00,73.0,70.28,,65.13
2019-05-20 16:48:00,72.91,70.38,,65.23
2019-05-20 17:06:00,72.91,70.31,,65.3
2019-05-20 17:24:00,72.85,70.33,,65.13
2019-05-20 17:42:00,72.81,69.84,,65.69
2019-05-20 18:00:00,72.88,72.2,,71.06
2019-05-20 18:18:00,72.91,72.32,,74.97
2019-05-20 18:36:00,72.81,72.32,,76.38
2019-05-20 18:54:00,72.67,72.14,,76.62
2019-05-20 19:12:00,72.56,72.05,,76.26
2019-05-20 19:30:00,72.32,71.91,,75.77
2019-05-20 19:48:00,72.2,71.66,,74.71
2019-05-20 20:06:00,72.34,71.61,,71.73
2019-05-20 20:24:00,72.41,71.43,,67.05
2019-05-20 20:42:00,72.36,71.26,,64.1
2019-05-20 21:00:00,72.2,71.01,Off,62.28
2019-05-20 21:18:00,72.17,70.73,,60.6
2019-05-20 21:36:00,72.56,70.19,,59.37
2019-05-20 21:54:00,72.38,69.8,,58.32
2019-05-20 22:12:00,72.45,69.66,,57.61
2019-05-20 22:30:00,72.17,69.93,,56.84
2019-05-20 22:48:00,70.02,69.31,,55.1
2019-05-20 23:06:00,71.96,69.37,On,53.13
2019-05-20 23:24:00,73.09,70.96,,51.86
2019-05-20 23:42:00,73.44,72.73,Off,51.2
2019-05-21 00:00:00,74.12,87.67,,50.73
2019-05-21 00:18:00,73.09,71.44,On,50.23
2019-05-21 00:36:00,74.97,72.56,,49.53
2019-05-21 00:54:00,75.31,77.84,Off,48.51
2019-05-21 01:12:00,76.17,90.8,,47.42
2019-05-21 01:30:00,76.97,85.73,,47.0
2019-05-21 01:48:00,75.37,80.58,,46.52
2019-05-21 02:06:00,74.73,77.62,,45.72
2019-05-21 02:24:00,73.41,75.31,,44.89
2019-05-21 02:42:00,71.85,73.3,,44.24
2019-05-21 03:00:00,70.21,71.12,,43.69
2019-05-21 03:18:00,68.25,69.49,,43.66
2019-05-21 03:36:00,67.36,68.6,On,43.96
2019-05-21 03:54:00,72.47,69.86,,43.44
2019-05-21 04:12:00,74.32,71.85,,43.13
2019-05-21 04:30:00,75.8,72.01,,42.78
2019-05-21 04:48:00,76.59,70.43,,42.39
2019-05-21 05:06:00,76.88,69.07,,42.19
2019-05-21 05:24:00,77.32,69.9,,41.8
2019-05-21 05:42:00,77.6,69.13,,41.59
2019-05-21 06:00:00,77.44,65.35,,41.66
2019-05-21 06:18:00,76.23,65.77,,42.41
2019-05-21 06:36:00,76.01,66.67,,45.13
2019-05-21 06:54:00,76.92,67.43,,50.59
2019-05-21 07:12:00,77.98,69.15,,51.61
2019-05-21 07:30:00,77.79,65.15,,53.56
2019-05-21 07:48:00,75.96,65.79,,57.56
2019-05-21 08:06:00,75.13,67.19,,56.24
2019-05-21 08:24:00,74.61,67.25,,55.47
2019-05-21 08:42:00,74.15,68.35,,54.77
2019-05-21 09:00:00,73.92,68.91,,54.96
2019-05-21 09:18:00,73.89,69.88,,55.87
2019-05-21 09:36:00,73.75,70.26,,56.64
2019-05-21 09:54:00,73.52,70.2,,57.14
2019-05-21 10:12:00,73.38,70.3,,58.11
2019-05-21 10:30:00,73.22,70.49,,58.62
2019-05-21 10:48:00,73.18,70.43,,59.19
2019-05-21 11:06:00,73.13,70.3,,59.62
2019-05-21 11:24:00,73.1,70.13,,59.8
2019-05-21 11:42:00,73.09,70.3,,60.49
2019-05-21 12:00:00,73.08,70.22,,61.24
2019-05-21 12:18:00,73.13,70.08,,61.85
2019-05-21 12:36:00,73.09,70.26,,63.48
2019-05-21 12:54:00,73.03,70.55,,64.14
2019-05-21 13:12:00,73.05,70.61,,64.7
2019-05-21 13:30:00,73.02,71.11,,65.11
2019-05-21 13:48:00,73.09,72.5,,65.61
2019-05-21 14:06:00,73.1,72.5,,64.81
2019-05-21 14:24:00,73.24,72.32,,64.62
2019-05-21 14:42:00,73.13,70.93,,63.84
2019-05-21 15:00:00,73.05,70.73,,63.75
2019-05-21 15:18:00,73.09,70.79,,64.1
2019-05-21 15:36:00,72.98,70.59,,63.97
2019-05-21 15:54:00,72.91,70.02,,63.55
2019-05-21 16:12:00,72.73,69.66,,63.0
2019-05-21 16:30:00,72.72,69.47,,62.75
2019-05-21 16:48:00,72.85,69.31,,62.33
2019-05-21 17:06:00,72.73,69.01,,61.66
2019-05-21 17:24:00,72.7,69.02,,60.84
2019-05-21 17:42:00,72.73,69.34,,60.13
2019-05-21 18:00:00,72.66,69.99,,59.03
2019-05-21 18:18:00,72.65,70.2,,58.11
2019-05-21 18:36:00,72.56,70.02,,57.26
2019-05-21 18:54:00,72.5,69.84,,56.3
2019-05-21 19:12:00,72.38,69.66,,55.3
2019-05-21 19:30:00,72.29,70.25,,53.53
2019-05-21 19:48:00,73.97,71.32,,51.87
2019-05-21 20:06:00,75.54,70.79,,51.44
2019-05-21 20:24:00,76.7,70.74,,50.64
2019-05-21 20:42:00,76.89,60.6,,50.93
2019-05-21 21:00:00,74.99,74.43,Off,50.55
2019-05-21 21:18:00,74.27,78.93,,50.3
2019-05-21 21:36:00,73.97,76.44,,50.2
2019-05-21 21:54:00,73.69,74.74,,49.97
2019-05-21 22:12:00,73.55,73.56,,49.84
2019-05-21 22:30:00,73.32,72.6,,49.67
2019-05-21 22:48:00,73.89,71.47,,49.31
2019-05-21 23:06:00,73.88,70.55,,49.05
2019-05-21 23:24:00,73.4,69.84,,48.31
2019-05-21 23:42:00,72.89,70.06,,46.0
2019-05-22 00:00:00,72.79,69.08,,44.38
2019-05-22 00:18:00,72.5,68.47,,44.48
2019-05-22 00:36:00,72.33,68.84,,44.8
2019-05-22 00:54:00,72.31,68.27,,44.94
2019-05-22 01:12:00,72.29,67.36,,45.0
2019-05-22 01:30:00,72.16,66.38,,45.07
2019-05-22 01:48:00,72.01,65.77,,45.26
2019-05-22 02:06:00,71.1,64.49,,45.19
2019-05-22 02:24:00,70.2,63.24,,45.01
2019-05-22 02:42:00,70.43,63.49,,44.87
2019-05-22 03:00:00,71.37,64.11,,44.81
2019-05-22 03:18:00,71.43,65.01,,44.68
2019-05-22 03:36:00,71.48,66.14,,44.57
2019-05-22 03:54:00,71.32,66.5,On,44.55
2019-05-22 04:12:00,73.09,70.55,,44.37
2019-05-22 04:30:00,75.26,71.64,,44.13
2019-05-22 04:48:00,76.45,69.9,,44.06
2019-05-22 05:06:00,76.7,59.82,,44.05
2019-05-22 05:24:00,75.27,66.12,,43.81
2019-05-22 05:42:00,75.16,64.47,,43.61
2019-05-22 06:00:00,74.79,65.2,,43.29
2019-05-22 06:18:00,74.74,64.9,,42.92
2019-05-22 06:36:00,74.98,67.07,,42.85
2019-05-22 06:54:00,76.37,69.04,,42.97
2019-05-22 07:12:00,76.94,67.36,,42.93
2019-05-22 07:30:00,75.79,61.3,,42.9
2019-05-22 07:48:00,74.92,65.5,,42.96
2019-05-22 08:06:00,75.31,64.03,,42.72
2019-05-22 08:24:00,75.03,65.88,,42.48
2019-05-22 08:42:00,74.96,65.43,,42.39
2019-05-22 09:00:00,74.8,65.4,,42.34
2019-05-22 09:18:00,76.01,68.97,,42.33
2019-05-22 09:36:00,77.02,69.86,,42.39
2019-05-22 09:54:00,77.63,70.41,,42.35
2019-05-22 10:12:00,76.2,64.55,,42.55
2019-05-22 10:30:00,75.56,65.56,,42.56
2019-05-22 10:48:00,76.07,67.03,,42.5
2019-05-22 11:06:00,76.98,66.82,,42.9
2019-05-22 11:24:00,76.01,65.61,,43.08
2019-05-22 11:42:00,75.69,60.14,,43.24
2019-05-22 12:00:00,75.17,65.61,,43.64
2019-05-22 12:18:00,75.19,60.87,,44.06
2019-05-22 12:36:00,74.96,66.09,,44.18
2019-05-22 12:54:00,74.72,65.8,,44.1
2019-05-22 13:12:00,75.29,56.6,,44.12
2019-05-22 13:30:00,74.85,65.78,,44.39
2019-05-22 13:48:00,75.15,59.94,,44.52
2019-05-22 14:06:00,74.66,66.33,,44.71
2019-05-22 14:24:00,74.35,65.79,,44.94
2019-05-22 14:42:00,74.6,64.63,,44.98
2019-05-22 15:00:00,74.34,66.11,,45.09
2019-05-22 15:18:00,74.79,55.97,,45.44
2019-05-22 15:36:00,74.19,66.14,,45.75
2019-05-22 15:54:00,74.48,65.93,,46.21
2019-05-22 16:12:00,74.79,59.04,,47.65
2019-05-22 16:30:00,74.2,66.05,,49.24
2019-05-22 16:48:00,74.83,64.0,,50.53
2019-05-22 17:06:00,74.42,66.67,,49.62
2019-05-22 17:24:00,75.13,56.06,,49.6
2019-05-22 17:42:00,74.54,66.66,,50.73
2019-05-22 18:00:00,74.85,62.41,,51.33
2019-05-22 18:18:00,74.54,66.44,,51.63
2019-05-22 18:36:00,74.76,65.61,,51.22
2019-05-22 18:54:00,75.19,57.55,,51.14
2019-05-22 19:12:00,74.54,66.78,,50.45
2019-05-22 19:30:00,74.97,61.83,,50.45
2019-05-22 19:48:00,74.61,66.5,,49.74
2019-05-22 20:06:00,74.96,64.18,,49.14
2019-05-22 20:24:00,75.19,66.29,,48.66
2019-05-22 20:42:00,74.59,65.71,,48.21
2019-05-22 21:00:00,74.61,58.19,Off,46.99
2019-05-22 21:18:00,73.96,64.2,,46.38
2019-05-22 21:36:00,73.73,66.14,,46.04
2019-05-22 21:54:00,73.56,67.38,,45.83
2019-05-22 22:12:00,73.38,68.31,,45.55
2019-05-22 22:30:00,73.23,69.14,,46.49
2019-05-22 22:48:00,73.09,69.9,,46.45
2019-05-22 23:06:00,73.03,70.2,,46.52
2019-05-22 23:24:00,72.85,70.79,,45.99
2019-05-22 23:42:00,72.66,70.41,,44.82
2019-05-23 00:00:00,72.5,69.84,,44.18
2019-05-23 00:18:00,72.38,69.31,,44.18
2019-05-23 00:36:00,72.34,69.12,,44.54
2019-05-23 00:54:00,72.2,69.02,,44.84
2019-05-23 01:12:00,72.1,68.83,,45.15
2019-05-23 01:30:00,72.05,68.63,,45.37
2019-05-23 01:48:00,71.85,68.65,,45.59
2019-05-23 02:06:00,71.7,68.43,,45.63
2019-05-23 02:24:00,71.67,68.25,,45.67
2019-05-23 02:42:00,71.56,67.9,,45.7
2019-05-23 03:00:00,71.66,67.54,,45.93
2019-05-23 03:18:00,71.61,67.6,,46.28
2019-05-23 03:36:00,71.63,67.54,,46.53
2019-05-23 03:54:00,71.69,67.54,On,46.76
2019-05-23 04:12:00,72.99,70.8,,47.04
2019-05-23 04:30:00,75.15,72.1,,47.14
2019-05-23 04:48:00,76.41,70.37,,47.2
2019-05-23 05:06:00,76.88,57.17,,47.26
2019-05-23 05:24:00,75.45,66.89,,47.41
2019-05-23 05:42:00,75.48,63.84,,47.66
2019-05-23 06:00:00,75.2,62.7,,47.81
2019-05-23 06:18:00,75.98,68.22,,48.37
2019-05-23 06:36:00,77.0,68.84,,49.07
2019-05-23 06:54:00,77.98,69.89,,49.72
2019-05-23 07:12:00,78.35,70.79,,50.49
2019-05-23 07:30:00,79.15,71.05,,50.54
2019-05-23 07:48:00,79.53,70.58,,50.77
2019-05-23 08:06:00,79.38,62.28,,51.2
2019-05-23 08:24:00,77.58,68.07,,51.31
2019-05-23 08:42:00,76.89,68.31,,51.51
2019-05-23 09:00:00,76.47,67.47,,51.56
2019-05-23 09:18:00,76.91,69.02,,51.49
2019-05-23 09:36:00,77.47,68.79,,51.65
2019-05-23 09:54:00,76.37,67.78,,51.62
2019-05-23 10:12:00,76.01,66.33,,52.7
2019-05-23 10:30:00,76.12,65.67,,53.35
2019-05-23 10:48:00,76.19,58.04,,53.37
2019-05-23 11:06:00,75.86,68.64,,53.78
2019-05-23 11:24:00,77.29,69.06,,52.74
2019-05-23 11:42:00,77.98,64.94,,53.26
2019-05-23 12:00:00,76.6,66.06,,53.06
2019-05-23 12:18:00,76.02,68.29,,53.21
2019-05-23 12:36:00,75.67,68.12,,53.12
2019-05-23 12:54:00,75.83,57.87,,52.85
2019-05-23 13:12:00,75.54,68.1,,53.58
2019-05-23 13:30:00,75.56,62.81,,53.41
2019-05-23 13:48:00,75.14,68.22,,55.02
2019-05-23 14:06:00,75.27,65.25,,55.58
2019-05-23 14:24:00,75.54,68.66,,56.03
2019-05-23 14:42:00,76.73,69.37,,56.36
2019-05-23 15:00:00,76.06,62.73,,56.83
2019-05-23 15:18:00,74.6,67.72,,57.18
2019-05-23 15:36:00,74.13,68.25,,58.12
2019-05-23 15:54:00,73.69,68.24,,58.61
2019-05-23 16:12:00,73.62,68.31,,58.79
2019-05-23 16:30:00,73.43,68.63,,59.1
2019-05-23 16:48:00,73.24,69.02,,58.86
2019-05-23 17:06:00,73.2,69.7,,59.14
2019-05-23 17:24:00,73.2,69.94,,59.33
2019-05-23 17:42:00,73.11,69.84,,58.63
2019-05-23 18:00:00,73.02,70.11,,57.89
2019-05-23 18:18:00,73.02,69.83,,57.13
2019-05-23 18:36:00,72.85,69.8,,57.15
2019-05-23 18:54:00,72.84,70.61,,57.3
2019-05-23 19:12:00,72.67,70.61,,57.0
2019-05-23 19:30:00,72.56,70.28,,56.22
2019-05-23 19:48:00,72.52,70.01,,55.46
2019-05-23 20:06:00,72.5,69.92,,54.89
2019-05-23 20:24:00,72.39,69.84,,54.55
2019-05-23 20:42:00,72.29,69.83,,54.47
2019-05-23 21:00:00,72.08,70.04,Off,55.4
2019-05-23 21:18:00,71.96,70.41,,57.35
2019-05-23 21:36:00,71.89,70.2,,56.44
2019-05-23 21:54:00,71.85,70.02,,55.94
2019-05-23 22:12:00,72.03,69.66,,54.51
2019-05-23 22:30:00,71.99,69.7,On,53.19
2019-05-23 22:48:00,71.96,70.43,,52.6
2019-05-23 23:06:00,71.79,70.33,,52.21
2019-05-23 23:24:00,71.67,70.2,,52.05
2019-05-23 23:42:00,71.51,70.01,,51.85
2019-05-24 00:00:00,71.44,69.87,,51.63
2019-05-24 00:18:00,71.32,69.84,,51.3
2019-05-24 00:36:00,71.35,69.83,,51.03
2019-05-24 00:54:00,72.78,70.96,Off,50.7
2019-05-24 01:12:00,73.06,74.8,,51.07
2019-05-24 01:30:00,72.38,80.03,,52.61
2019-05-24 01:48:00,72.2,76.36,,51.4
2019-05-24 02:06:00,72.2,74.61,,51.0
2019-05-24 02:24:00,71.17,73.36,,50.3
2019-05-24 02:42:00,70.18,71.79,,49.66
2019-05-24 03:00:00,69.75,69.87,,49.24
2019-05-24 03:18:00,69.26,68.55,,48.85
2019-05-24 03:36:00,69.06,67.9,,48.49
2019-05-24 03:54:00,70.83,67.62,On,48.34
2019-05-24 04:12:00,73.26,70.96,,48.02
2019-05-24 04:30:00,75.28,71.76,,47.72
2019-05-24 04:48:00,76.41,69.96,,47.22
2019-05-24 05:06:00,77.29,70.79,,47.03
2019-05-24 05:24:00,77.85,70.44,,47.02
2019-05-24 05:42:00,78.37,70.42,,48.06
2019-05-24 06:00:00,78.98,70.27,,48.69
2019-05-24 06:18:00,79.38,70.26,,47.07
2019-05-24 06:36:00,79.73,70.43,,46.64
2019-05-24 06:54:00,79.9,70.37,,47.5
2019-05-24 07:12:00,80.1,70.46,,50.26
2019-05-24 07:30:00,80.41,70.53,,51.23
2019-05-24 07:48:00,80.81,70.62,,48.35
2019-05-24 08:06:00,80.87,70.68,,48.1
2019-05-24 08:24:00,80.95,70.61,,48.19
2019-05-24 08:42:00,80.96,70.54,,48.14
2019-05-24 09:00:00,81.0,70.43,,48.05
2019-05-24 09:18:00,81.06,70.18,,48.08
2019-05-24 09:36:00,81.16,69.89,,47.97
2019-05-24 09:54:00,81.12,69.51,,47.87
2019-05-24 10:12:00,81.21,68.96,,48.07
2019-05-24 10:30:00,79.66,61.95,,48.35
2019-05-24 10:48:00,77.97,67.38,,48.67
2019-05-24 11:06:00,77.92,62.25,,48.94
2019-05-24 11:24:00,77.81,67.38,,48.77
2019-05-24 11:42:00,78.18,61.38,,48.91
2019-05-24 12:00:00,77.45,64.92,,49.51
2019-05-24 12:18:00,77.45,68.31,,49.54
2019-05-24 12:36:00,76.96,67.78,,50.06
2019-05-24 12:54:00,77.63,67.78,,48.9
2019-05-24 13:12:00,77.05,67.07,,48.54
2019-05-24 13:30:00,76.7,65.37,,48.72
2019-05-24 13:48:00,77.98,68.62,,48.76
2019-05-24 14:06:00,78.68,69.24,,48.82
2019-05-24 14:24:00,79.2,69.68,,48.27
2019-05-24 14:42:00,79.59,69.99,,47.85
2019-05-24 15:00:00,79.97,70.18,,47.35
2019-05-24 15:18:00,79.49,54.62,,47.11
2019-05-24 15:36:00,77.94,67.72,,47.27
2019-05-24 15:54:00,77.36,67.25,,47.33
2019-05-24 16:12:00,77.19,66.56,,47.53
2019-05-24 16:30:00,77.0,65.27,,47.86
2019-05-24 16:48:00,76.87,67.4,,48.54
2019-05-24 17:06:00,77.2,67.78,,48.94
2019-05-24 17:24:00,76.7,67.39,,49.14
2019-05-24 17:42:00,77.14,68.13,,49.32
2019-05-24 18:00:00,77.67,77.29,Off,49.66
2019-05-24 18:18:00,76.17,87.17,,49.92
2019-05-24 18:36:00,75.47,84.23,,50.06
2019-05-24 18:54:00,74.96,81.41,,50.04
2019-05-24 19:12:00,74.44,78.84,,49.91
2019-05-24 19:30:00,73.43,76.01,,49.68
2019-05-24 19:48:00,71.79,73.6,,49.36
2019-05-24 20:06:00,70.79,72.5,,49.27
2019-05-24 20:24:00,70.02,71.48,,48.91
2019-05-24 20:42:00,69.15,70.68,,48.56
2019-05-24 21:00:00,68.17,69.66,,48.1
2019-05-24 21:18:00,67.36,68.91,,47.41
2019-05-24 21:36:00,66.85,68.43,,46.88
2019-05-24 21:54:00,66.44,68.19,,46.54
2019-05-24 22:12:00,66.14,67.9,,45.89
2019-05-24 22:30:00,65.79,67.69,,45.31
2019-05-24 22:48:00,65.55,67.54,,44.96
2019-05-24 23:06:00,65.2,67.36,,44.93
2019-05-24 23:24:00,65.02,67.19,,45.23
2019-05-24 23:42:00,64.71,67.01,,45.66
2019-05-25 00:00:00,63.46,66.62,,45.88
2019-05-25 00:18:00,61.5,66.26,,45.88
2019-05-25 00:36:00,61.75,66.26,,45.48
2019-05-25 00:54:00,62.3,66.5,,44.93
2019-05-25 01:12:00,62.9,66.5,,44.56
2019-05-25 01:30:00,62.29,66.43,,44.96
2019-05-25 01:48:00,61.67,66.24,,45.48
2019-05-25 02:06:00,61.93,66.14,,46.09
2019-05-25 02:24:00,61.48,66.14,,46.6
2019-05-25 02:42:00,61.5,66.08,,47.11
2019-05-25 03:00:00,61.29,65.84,,47.52
2019-05-25 03:18:00,61.32,65.79,,47.7
2019-05-25 03:36:00,61.4,65.79,,47.92
2019-05-25 03:54:00,61.5,65.77,,48.5
2019-05-25 04:12:00,63.67,66.14,,49.04
2019-05-25 04:30:00,64.44,66.4,,49.52
2019-05-25 04:48:00,64.73,66.2,,49.65
2019-05-25 05:06:00,71.0,68.49,On,49.95
2019-05-25 05:24:00,73.62,71.5,,50.38
2019-05-25 05:42:00,75.16,73.12,Off,50.75
2019-05-25 06:00:00,73.59,77.94,,51.92
2019-05-25 06:18:00,72.83,78.1,,54.71
2019-05-25 06:36:00,72.5,76.36,,56.97
2019-05-25 06:54:00,72.17,74.61,,58.1
2019-05-25 07:12:00,72.03,73.39,,59.54
2019-05-25 07:30:00,71.9,72.31,,60.91
2019-05-25 07:48:00,71.85,71.61,,61.64
2019-05-25 08:06:00,72.03,71.3,,60.94
2019-05-25 08:24:00,71.3,70.94,,59.75
2019-05-25 08:42:00,71.83,70.39,,58.38
2019-05-25 09:00:00,71.7,69.76,,57.99
2019-05-25 09:18:00,71.4,69.27,,57.47
2019-05-25 09:36:00,71.27,69.19,,57.78
2019-05-25 09:54:00,71.43,69.38,,58.26
2019-05-25 10:12:00,71.39,69.49,,58.41
2019-05-25 10:30:00,71.31,69.62,,59.28
2019-05-25 10:48:00,71.07,69.9,,60.9
2019-05-25 11:06:00,70.79,69.84,,61.4
2019-05-25 11:24:00,70.26,69.73,,62.58
2019-05-25 11:42:00,70.79,69.94,,63.37
2019-05-25 12:00:00,70.95,70.01,,64.27
2019-05-25 12:18:00,70.94,70.02,,64.62
2019-05-25 12:36:00,70.79,69.84,,64.55
2019-05-25 12:54:00,70.82,70.08,,65.65
2019-05-25 13:12:00,70.82,70.08,,66.84
2019-05-25 13:30:00,70.76,70.26,,67.47
2019-05-25 13:48:00,70.59,70.28,,67.92
2019-05-25 14:06:00,70.58,70.65,,68.39
2019-05-25 14:24:00,70.59,70.55,,68.6
2019-05-25 14:42:00,70.55,70.59,,68.79
2019-05-25 15:00:00,70.76,70.38,,68.83
2019-05-25 15:18:00,70.83,70.26,,68.44
2019-05-25 15:36:00,70.96,70.61,,68.52
2019-05-25 15:54:00,71.08,70.37,,68.15
2019-05-25 16:12:00,71.15,70.43,,68.39
2019-05-25 16:30:00,71.09,70.33,,67.77
2019-05-25 16:48:00,71.08,69.84,,67.07
2019-05-25 17:06:00,71.08,69.86,,66.95
2019-05-25 17:24:00,71.07,69.9,,66.95
2019-05-25 17:42:00,71.08,70.08,,66.59
2019-05-25 18:00:00,71.01,70.02,,67.38
2019-05-25 18:18:00,70.95,69.65,,66.53
2019-05-25 18:36:00,70.95,69.13,,65.69
2019-05-25 18:54:00,70.96,68.91,,67.35
2019-05-25 19:12:00,70.96,69.42,,67.7
2019-05-25 19:30:00,71.07,69.18,,64.75
2019-05-25 19:48:00,71.11,68.43,,64.91
2019-05-25 20:06:00,71.14,68.07,,64.95
2019-05-25 20:24:00,71.27,67.54,,62.61
2019-05-25 20:42:00,71.02,66.28,,60.96
2019-05-25 21:00:00,69.43,65.3,,59.83
2019-05-25 21:18:00,68.25,65.26,,58.59
2019-05-25 21:36:00,67.54,65.48,,57.88
2019-05-25 21:54:00,66.67,65.79,,57.56
2019-05-25 22:12:00,66.3,65.97,,57.16
2019-05-25 22:30:00,65.64,66.23,,56.51
2019-05-25 22:48:00,64.89,66.32,,55.63
2019-05-25 23:06:00,64.14,66.26,,54.65
2019-05-25 23:24:00,63.77,66.26,On,53.79
2019-05-25 23:42:00,70.93,68.66,Off,52.71
2019-05-26 00:00:00,73.25,77.62,,51.77
2019-05-26 00:18:00,75.61,82.31,,51.09
2019-05-26 00:36:00,71.5,70.38,On,50.49
2019-05-26 00:54:00,71.3,69.66,,50.84
2019-05-26 01:12:00,71.14,69.51,,50.29
2019-05-26 01:30:00,71.11,69.34,,50.23
2019-05-26 01:48:00,71.32,69.55,,50.52
2019-05-26 02:06:00,71.14,69.55,,50.76
2019-05-26 02:24:00,71.08,69.48,,50.32
2019-05-26 02:42:00,70.96,69.31,Off,49.59
2019-05-26 03:00:00,71.92,73.52,,48.92
2019-05-26 03:18:00,72.89,78.32,,48.52
2019-05-26 03:36:00,72.35,76.7,,48.13
2019-05-26 03:54:00,71.43,74.95,,47.74
2019-05-26 04:12:00,70.55,73.25,,47.5
2019-05-26 04:30:00,70.04,71.26,,47.39
2019-05-26 04:48:00,70.79,68.96,On,47.02
2019-05-26 05:06:00,72.73,70.48,,46.62
2019-05-26 05:24:00,73.38,71.32,Off,46.32
2019-05-26 05:42:00,72.74,77.98,,46.88
2019-05-26 06:00:00,72.43,78.58,,49.33
2019-05-26 06:18:00,71.66,76.7,,52.82
2019-05-26 06:36:00,71.86,71.3,On,56.25
2019-05-26 06:54:00,72.15,87.72,,59.63
2019-05-26 07:12:00,71.79,88.25,,62.9
2019-05-26 07:30:00,71.46,82.51,,63.96
2019-05-26 07:48:00,71.66,78.67,,65.25
2019-05-26 08:06:00,71.14,77.25,,66.63
2019-05-26 08:24:00,70.95,76.01,,66.71
2019-05-26 08:42:00,70.95,75.14,,64.03
2019-05-26 09:00:00,70.84,74.52,,62.79
2019-05-26 09:18:00,71.15,74.5,,63.61
2019-05-26 09:36:00,70.79,74.85,,64.75
2019-05-26 09:54:00,70.79,73.95,,65.78
2019-05-26 10:12:00,70.73,73.62,,66.56
2019-05-26 10:30:00,70.61,73.39,,67.69
2019-05-26 10:48:00,70.59,73.23,,68.3
2019-05-26 11:06:00,70.65,73.62,,69.38
2019-05-26 11:24:00,70.73,73.8,,70.63
2019-05-26 11:42:00,70.77,74.32,,71.39
2019-05-26 12:00:00,70.74,75.6,,72.14
2019-05-26 12:18:00,72.34,74.48,,72.54
2019-05-26 12:36:00,72.35,76.76,,72.21
2019-05-26 12:54:00,72.56,77.81,,72.99
2019-05-26 13:12:00,72.38,80.07,,74.36
2019-05-26 13:30:00,72.61,81.57,,74.15
2019-05-26 13:48:00,72.41,81.51,,75.67
2019-05-26 14:06:00,72.67,83.82,,77.26
2019-05-26 14:24:00,72.19,84.8,,77.59
2019-05-26 14:42:00,72.23,83.26,,77.71
2019-05-26 15:00:00,72.38,79.85,,78.07
2019-05-26 15:18:00,72.17,78.87,,78.16
2019-05-26 15:36:00,72.53,78.32,,79.03
2019-05-26 15:54:00,72.06,79.38,,78.47
2019-05-26 16:12:00,71.97,79.27,,77.38
2019-05-26 16:30:00,71.97,77.4,,76.6
2019-05-26 16:48:00,72.19,75.83,,76.49
2019-05-26 17:06:00,72.01,75.32,,76.12
2019-05-26 17:24:00,72.22,74.24,,74.35
2019-05-26 17:42:00,72.08,71.3,,72.3
2019-05-26 18:00:00,71.67,70.79,,69.22
2019-05-26 18:18:00,70.72,70.73,,66.13
2019-05-26 18:36:00,69.75,70.2,,64.24
2019-05-26 18:54:00,70.11,69.31,,61.36
2019-05-26 19:12:00,69.84,68.57,,60.19
2019-05-26 19:30:00,68.18,67.72,,59.23
2019-05-26 19:48:00,67.78,67.01,,56.49
2019-05-26 20:06:00,67.01,66.61,,55.08
2019-05-26 20:24:00,67.96,66.3,On,53.77
2019-05-26 20:42:00,72.03,69.73,Off,52.74
2019-05-26 21:00:00,71.76,74.39,,51.81
2019-05-26 21:18:00,71.61,76.36,,51.12
2019-05-26 21:36:00,71.3,74.79,,50.65
2019-05-26 21:54:00,71.45,73.22,,50.02
2019-05-26 22:12:00,70.16,71.79,,49.53
2019-05-26 22:30:00,69.24,70.05,,49.22
2019-05-26 22:48:00,67.72,68.77,,48.74
2019-05-26 23:06:00,66.66,67.9,,48.35
2019-05-26 23:24:00,66.56,67.36,,48.11
2019-05-26 23:42:00,65.02,66.81,,47.99
2019-05-27 00:00:00,68.29,67.97,On,47.77
2019-05-27 00:18:00,73.84,71.36,Off,47.09
2019-05-27 00:36:00,73.38,86.84,,46.82
2019-05-27 00:54:00,72.72,89.19,,45.99
2019-05-27 01:12:00,72.17,84.8,On,45.65
2019-05-27 01:30:00,72.75,74.18,,45.24
2019-05-27 01:48:00,74.55,72.2,Off,45.38
2019-05-27 02:06:00,73.41,77.63,,45.53
2019-05-27 02:24:00,72.75,79.32,,45.3
2019-05-27 02:42:00,72.32,77.75,On,45.21
2019-05-27 03:00:00,72.83,72.95,,45.2
2019-05-27 03:18:00,74.63,72.38,Off,45.41
2019-05-27 03:36:00,73.44,76.37,,45.57
2019-05-27 03:54:00,72.91,77.96,On,45.82
2019-05-27 04:12:00,73.85,71.5,,45.87
2019-05-27 04:30:00,75.75,72.08,,45.71
2019-05-27 04:48:00,76.64,70.19,,45.47
2019-05-27 05:06:00,77.05,70.26,,45.33
2019-05-27 05:24:00,77.5,70.33,,45.42
2019-05-27 05:42:00,77.82,70.26,,45.42
2019-05-27 06:00:00,78.42,70.14,,45.38
2019-05-27 06:18:00,78.72,70.09,,45.43
2019-05-27 06:36:00,79.03,70.13,,45.59
2019-05-27 06:54:00,79.2,69.98,,45.43
2019-05-27 07:12:00,79.15,65.72,,45.22
2019-05-27 07:30:00,77.54,66.17,,45.33
2019-05-27 07:48:00,76.53,66.36,,45.58
2019-05-27 08:06:00,76.7,63.49,,45.65
2019-05-27 08:24:00,76.08,66.54,,45.65
2019-05-27 08:42:00,77.27,67.6,,45.69
2019-05-27 09:00:00,76.47,66.76,,45.81
2019-05-27 09:18:00,77.5,68.63,,46.05
2019-05-27 09:36:00,78.16,69.68,,46.47
2019-05-27 09:54:00,78.68,70.26,,47.27
2019-05-27 10:12:00,78.85,68.6,,48.32
2019-05-27 10:30:00,77.67,60.57,,48.52
2019-05-27 10:48:00,76.7,65.63,,48.29
2019-05-27 11:06:00,77.12,62.25,,48.05
2019-05-27 11:24:00,76.69,63.67,,47.89
2019-05-27 11:42:00,76.41,67.07,,47.91
2019-05-27 12:00:00,76.82,62.44,,48.1
2019-05-27 12:18:00,76.39,64.37,,48.11
2019-05-27 12:36:00,76.24,67.08,,48.05
2019-05-27 12:54:00,76.52,62.24,,47.97
2019-05-27 13:12:00,76.22,67.07,,47.97
2019-05-27 13:30:00,77.64,68.71,,47.75
2019-05-27 13:48:00,78.37,69.46,,47.74
2019-05-27 14:06:00,78.8,69.13,,47.78
2019-05-27 14:24:00,78.99,60.22,,47.42
2019-05-27 14:42:00,77.01,66.79,,47.31
2019-05-27 15:00:00,76.79,63.6,,47.95
2019-05-27 15:18:00,76.14,66.72,,48.64
2019-05-27 15:36:00,76.36,63.29,,48.78
2019-05-27 15:54:00,76.1,66.65,,48.52
2019-05-27 16:12:00,75.67,66.5,,48.23
2019-05-27 16:30:00,76.15,66.94,,48.09
2019-05-27 16:48:00,76.18,59.51,,47.43
2019-05-27 17:06:00,75.5,66.32,,46.48
2019-05-27 17:24:00,76.7,67.99,,46.26
2019-05-27 17:42:00,77.05,63.4,,45.5
2019-05-27 18:00:00,76.01,65.79,,45.23
2019-05-27 18:18:00,76.01,66.67,,45.1
2019-05-27 18:36:00,77.11,68.31,,45.31
2019-05-27 18:54:00,77.88,69.68,,45.03
2019-05-27 19:12:00,78.32,68.03,,45.0
2019-05-27 19:30:00,77.04,54.72,,45.13
2019-05-27 19:48:00,75.94,66.01,,44.93
2019-05-27 20:06:00,76.18,60.99,,44.81
2019-05-27 20:24:00,75.85,65.97,,44.73
2019-05-27 20:42:00,75.66,65.66,,44.59
2019-05-27 21:00:00,75.6,58.13,Off,44.49
2019-05-27 21:18:00,74.4,62.63,,44.43
2019-05-27 21:36:00,73.86,64.37,,44.51
2019-05-27 21:54:00,73.54,64.9,,44.68
2019-05-27 22:12:00,73.26,64.9,,44.74
2019-05-27 22:30:00,72.98,64.92,,44.84
2019-05-27 22:48:00,72.5,64.49,,44.85
2019-05-27 23:06:00,72.32,63.96,,44.87
2019-05-27 23:24:00,72.01,63.6,,44.84
2019-05-27 23:42:00,72.12,63.43,,44.67
2019-05-28 00:00:00,71.26,63.57,,44.41
2019-05-28 00:18:00,69.13,64.02,,44.23
2019-05-28 00:36:00,70.79,64.39,,44.0
2019-05-28 00:54:00,70.44,64.18,,43.87
2019-05-28 01:12:00,70.43,63.99,,43.86
2019-05-28 01:30:00,65.87,64.16,,43.71
2019-05-28 01:48:00,63.85,64.75,,43.39
2019-05-28 02:06:00,63.84,65.26,,43.37
2019-05-28 02:24:00,63.84,65.43,,42.74
2019-05-28 02:42:00,63.62,65.43,,42.09
2019-05-28 03:00:00,63.47,65.41,,41.68
2019-05-28 03:18:00,63.38,65.48,,41.38
2019-05-28 03:36:00,63.49,65.64,,41.34
2019-05-28 03:54:00,63.82,65.97,On,41.9
2019-05-28 04:12:00,73.98,70.8,,42.25
2019-05-28 04:30:00,75.93,71.87,,42.65
2019-05-28 04:48:00,77.02,69.81,,43.0
2019-05-28 05:06:00,77.52,70.12,,43.22
2019-05-28 05:24:00,78.1,70.61,,43.36
2019-05-28 05:42:00,78.7,70.18,,43.35
2019-05-28 06:00:00,77.51,59.63,,43.51
2019-05-28 06:18:00,76.66,61.73,,44.25
2019-05-28 06:36:00,76.36,66.93,,50.16
2019-05-28 06:54:00,76.17,66.04,,54.62
2019-05-28 07:12:00,76.37,67.6,,54.98
2019-05-28 07:30:00,77.91,69.07,,53.46
2019-05-28 07:48:00,78.68,70.08,,54.04
2019-05-28 08:06:00,79.03,70.57,,55.7
2019-05-28 08:24:00,78.45,67.47,,57.57
2019-05-28 08:42:00,76.18,69.3,,56.73
2019-05-28 09:00:00,75.38,68.66,,54.98
2019-05-28 09:18:00,74.73,69.13,,55.05
2019-05-28 09:36:00,74.41,70.2,,55.71
2019-05-28 09:54:00,74.29,70.02,,56.84
2019-05-28 10:12:00,74.16,70.08,,57.87
2019-05-28 10:30:00,73.88,70.09,,58.46
2019-05-28 10:48:00,73.56,70.73,,59.96
2019-05-28 11:06:00,73.38,70.33,,61.47
2019-05-28 11:24:00,73.33,70.55,,63.05
2019-05-28 11:42:00,73.26,70.22,,63.03
2019-05-28 12:00:00,73.02,70.4,,63.46
2019-05-28 12:18:00,73.13,70.61,,64.52
2019-05-28 12:36:00,73.26,70.61,,64.48
2019-05-28 12:54:00,73.39,70.75,,64.6
2019-05-28 13:12:00,73.25,70.79,,65.79
2019-05-28 13:30:00,73.21,72.64,,66.26
2019-05-28 13:48:00,73.56,73.13,,67.0
2019-05-28 14:06:00,73.62,73.27,,67.56
2019-05-28 14:24:00,73.88,73.46,,68.13
2019-05-28 14:42:00,74.02,73.66,,68.54
2019-05-28 15:00:00,74.14,73.86,,68.95
2019-05-28 15:18:00,74.12,73.96,,69.82
2019-05-28 15:36:00,74.15,74.11,,70.56
2019-05-28 15:54:00,74.14,74.06,,71.01
2019-05-28 16:12:00,74.28,74.19,,71.1
2019-05-28 16:30:00,74.36,74.27,,71.89
2019-05-28 16:48:00,74.46,74.32,,72.56
2019-05-28 17:06:00,74.46,74.28,,72.09
2019-05-28 17:24:00,74.54,74.32,,72.61
2019-05-28 17:42:00,74.57,74.32,,74.67
2019-05-28 18:00:00,74.47,74.27,,79.29
2019-05-28 18:18:00,74.51,74.28,,81.97
2019-05-28 18:36:00,74.56,74.27,,82.65
2019-05-28 18:54:00,74.32,74.13,,83.67
2019-05-28 19:12:00,74.15,73.96,,84.1
2019-05-28 19:30:00,74.15,73.82,,83.65
2019-05-28 19:48:00,74.09,73.62,,81.59
2019-05-28 20:06:00,74.14,73.63,,81.87
2019-05-28 20:24:00,74.02,73.42,,78.82
2019-05-28 20:42:00,73.91,73.2,,74.33
2019-05-28 21:00:00,73.8,73.33,Off,71.63
2019-05-28 21:18:00,73.8,73.24,,69.12
2019-05-28 21:36:00,73.84,72.72,,67.01
2019-05-28 21:54:00,73.8,72.52,,65.24
2019-05-28 22:12:00,73.59,72.16,,63.54
2019-05-28 22:30:00,73.49,71.53,,62.19
2019-05-28 22:48:00,73.26,71.08,,60.59
2019-05-28 23:06:00,73.26,70.81,,59.69
2019-05-28 23:24:00,73.31,70.73,,58.97
2019-05-28 23:42:00,73.25,70.85,,58.8
2019-05-29 00:00:00,72.78,69.64,,57.83
2019-05-29 00:18:00,72.91,68.43,,56.88
2019-05-29 00:36:00,73.03,68.07,,56.21
2019-05-29 00:54:00,72.67,68.07,,55.6
2019-05-29 01:12:00,70.48,67.72,,54.84
2019-05-29 01:30:00,68.66,67.54,,54.3
2019-05-29 01:48:00,67.54,67.44,,53.58
2019-05-29 02:06:00,72.78,70.83,On,53.11
2019-05-29 02:24:00,74.64,72.73,Off,52.76
2019-05-29 02:42:00,76.59,84.47,,52.55
2019-05-29 03:00:00,77.68,88.09,,52.3
2019-05-29 03:18:00,75.07,83.55,,52.11
2019-05-29 03:36:00,75.31,80.58,,52.27
2019-05-29 03:54:00,74.73,78.11,On,52.32
2019-05-29 04:12:00,74.0,72.21,,52.93
2019-05-29 04:30:00,75.98,72.7,,52.75
2019-05-29 04:48:00,76.94,70.9,,52.53
2019-05-29 05:06:00,77.37,70.77,,52.17
2019-05-29 05:24:00,77.81,70.79,,52.27
2019-05-29 05:42:00,78.16,69.29,,52.53
2019-05-29 06:00:00,77.1,66.64,,53.21
2019-05-29 06:18:00,76.31,59.67,,56.02
2019-05-29 06:36:00,75.31,67.96,,58.35
2019-05-29 06:54:00,74.66,68.13,,60.66
2019-05-29 07:12:00,74.38,68.66,,62.66
2019-05-29 07:30:00,73.8,69.35,,64.58
2019-05-29 07:48:00,73.48,72.38,,66.29
2019-05-29 08:06:00,73.33,72.38,,67.61
2019-05-29 08:24:00,73.26,72.56,,68.97
2019-05-29 08:42:00,73.25,72.51,,67.26
2019-05-29 09:00:00,73.14,72.57,,66.64
2019-05-29 09:18:00,73.09,72.56,,67.2
2019-05-29 09:36:00,73.09,72.58,,68.0
2019-05-29 09:54:00,73.26,72.91,,69.13
2019-05-29 10:12:00,73.38,73.13,,70.31
2019-05-29 10:30:00,73.57,73.49,,71.34
2019-05-29 10:48:00,73.77,73.84,,72.53
2019-05-29 11:06:00,73.81,73.85,,73.34
2019-05-29 11:24:00,73.62,73.84,,74.2
2019-05-29 11:42:00,73.62,73.73,,74.63
2019-05-29 12:00:00,73.59,73.84,,75.63
2019-05-29 12:18:00,73.85,73.96,,76.27
2019-05-29 12:36:00,73.77,74.09,,76.83
2019-05-29 12:54:00,73.7,73.96,,77.38
2019-05-29 13:12:00,73.54,73.91,,77.56
2019-05-29 13:30:00,73.53,73.91,,78.11
2019-05-29 13:48:00,73.74,74.15,,78.71
2019-05-29 14:06:00,73.79,74.13,,79.27
2019-05-29 14:24:00,73.96,74.44,,79.88
2019-05-29 14:42:00,74.02,74.44,,80.06
2019-05-29 15:00:00,74.13,74.63,,80.75
2019-05-29 15:18:00,74.19,74.63,,81.1
2019-05-29 15:36:00,74.24,74.61,,80.92
2019-05-29 15:54:00,74.27,74.61,,81.01
2019-05-29 16:12:00,74.13,74.6,,81.75
2019-05-29 16:30:00,74.45,74.81,,81.84
2019-05-29 16:48:00,74.86,75.19,,81.92
2019-05-29 17:06:00,74.85,75.33,,81.94
2019-05-29 17:24:00,74.88,75.31,,81.6
2019-05-29 17:42:00,74.92,75.24,,82.88
2019-05-29 18:00:00,75.05,75.36,,85.36
2019-05-29 18:18:00,75.19,75.39,,85.6
2019-05-29 18:36:00,75.13,75.31,,85.07
2019-05-29 18:54:00,75.09,75.3,,85.63
2019-05-29 19:12:00,75.01,75.22,,85.57
2019-05-29 19:30:00,74.99,75.05,,84.42
2019-05-29 19:48:00,74.8,74.79,,84.2
2019-05-29 20:06:00,74.79,74.61,,83.04
2019-05-29 20:24:00,74.7,74.45,,80.27
2019-05-29 20:42:00,74.64,74.4,,77.5
2019-05-29 21:00:00,74.55,73.94,Off,75.83
2019-05-29 21:18:00,74.32,72.67,,73.97
2019-05-29 21:36:00,73.9,71.44,,72.37
2019-05-29 21:54:00,74.02,71.04,,71.35
2019-05-29 22:12:00,74.32,71.14,,70.75
2019-05-29 22:30:00,74.33,71.3,,69.88
2019-05-29 22:48:00,74.11,71.08,,69.05
2019-05-29 23:06:00,73.96,71.32,,68.68
2019-05-29 23:24:00,73.84,71.33,,68.03
2019-05-29 23:42:00,73.75,71.33,,67.17
2019-05-30 00:00:00,73.59,71.55,,66.32
2019-05-30 00:18:00,73.4,71.6,,65.15
2019-05-30 00:36:00,73.38,71.6,,64.34
2019-05-30 00:54:00,73.26,71.3,,63.62
2019-05-30 01:12:00,73.26,71.08,,63.21
2019-05-30 01:30:00,73.2,70.52,,62.38
2019-05-30 01:48:00,73.05,70.32,,60.9
2019-05-30 02:06:00,72.93,70.38,,59.88
2019-05-30 02:24:00,73.03,69.49,,59.04
2019-05-30 02:42:00,72.97,69.13,,58.87
2019-05-30 03:00:00,72.8,69.02,,58.15
2019-05-30 03:18:00,72.54,68.78,,57.35
2019-05-30 03:36:00,72.32,68.43,,56.7
2019-05-30 03:54:00,72.14,68.07,,56.6
2019-05-30 04:12:00,72.02,67.72,,56.26
2019-05-30 04:30:00,72.07,69.26,On,56.1
2019-05-30 04:48:00,72.31,70.86,,55.01
2019-05-30 05:06:00,72.17,70.2,,54.8
2019-05-30 05:24:00,72.25,69.97,,54.74
2019-05-30 05:42:00,72.19,69.94,,54.8
2019-05-30 06:00:00,72.2,69.95,,55.26
2019-05-30 06:18:00,72.2,70.08,,56.3
2019-05-30 06:36:00,72.16,70.2,,57.71
2019-05-30 06:54:00,71.96,70.2,,59.45
2019-05-30 07:12:00,71.61,70.19,,62.1
2019-05-30 07:30:00,71.44,69.52,,63.68
2019-05-30 07:48:00,71.38,69.73,,65.49
2019-05-30 08:06:00,71.26,70.57,,65.49
2019-05-30 08:24:00,71.32,70.62,,65.3
2019-05-30 08:42:00,71.19,70.63,,66.71
2019-05-30 09:00:00,71.46,71.14,,69.26
2019-05-30 09:18:00,71.5,71.34,,70.88
2019-05-30 09:36:00,71.48,71.34,,71.07
2019-05-30 09:54:00,71.32,71.34,,71.17
2019-05-30 10:12:00,71.43,71.04,,69.54
2019-05-30 10:30:00,71.51,71.01,,69.14
2019-05-30 10:48:00,71.61,71.06,,67.23
2019-05-30 11:06:00,71.5,70.9,,66.47
2019-05-30 11:24:00,71.62,71.15,,68.3
2019-05-30 11:42:00,71.64,71.19,,69.18
2019-05-30 12:00:00,71.66,71.32,,69.9
2019-05-30 12:18:00,72.0,71.66,,70.31
2019-05-30 12:36:00,72.05,71.67,,70.89
2019-05-30 12:54:00,72.29,71.85,,69.82
2019-05-30 13:12:00,72.38,71.85,,68.8
2019-05-30 13:30:00,72.49,71.92,,67.94
2019-05-30 13:48:00,72.6,72.07,,68.13
2019-05-30 14:06:00,72.74,72.07,,68.18
2019-05-30 14:24:00,72.73,72.14,,67.65
2019-05-30 14:42:00,73.09,72.39,,67.27
2019-05-30 15:00:00,73.13,72.46,,66.81
2019-05-30 15:18:00,73.31,72.56,,66.01
2019-05-30 15:36:00,73.49,72.61,,65.57
2019-05-30 15:54:00,,,,66.17
