Date,RAT,MAT,OAT,SFS
2019-05-23 15:35:00,74.13,68.25,57.54,On
2019-05-23 15:40:00,74.13,68.25,58.02,On
2019-05-23 15:45:00,74.13,68.25,58.1,On
2019-05-23 15:45:00,74.13,68.25,58.1,On
2019-05-23 15:45:00,74.13,68.25,58.1,On
2019-05-23 15:50:00,74.13,68.25,58.24,On
2019-05-23 15:55:00,74.13,68.25,58.56,On
2019-05-23 16:00:00,74.13,68.25,58.6,On
2019-05-23 16:00:00,74.13,68.24,58.6,On
2019-05-23 16:00:00,73.69,68.24,58.6,On
2019-05-23 16:05:00,73.69,68.24,58.46,On
2019-05-23 16:10:00,73.69,68.24,58.82,On
2019-05-23 16:15:00,73.69,68.24,58.76,On
2019-05-23 16:15:00,73.69,68.31,58.76,On
2019-05-23 16:15:00,73.62,68.31,58.76,On
2019-05-23 16:20:00,73.62,68.31,58.81,On
2019-05-23 16:25:00,73.62,68.31,58.81,On
2019-05-23 16:30:00,73.62,68.31,59.0,On
2019-05-23 16:30:00,73.62,68.48,59.0,On
2019-05-23 16:30:00,73.49,68.48,59.0,On
2019-05-23 16:35:00,73.49,68.48,59.04,On
2019-05-23 16:40:00,73.49,68.48,59.28,On
2019-05-23 16:45:00,73.49,68.48,59.08,On
2019-05-23 16:45:00,73.49,68.78,59.08,On
2019-05-23 16:45:00,73.37,68.78,59.08,On
2019-05-23 16:50:00,73.37,68.78,58.97,On
2019-05-23 16:55:00,73.37,68.78,58.8,On
2019-05-23 17:00:00,73.37,68.78,58.78,On
2019-05-23 17:00:00,73.37,69.02,58.78,On
2019-05-23 17:00:00,73.24,69.02,58.78,On
2019-05-23 17:05:00,73.24,69.02,58.89,On
2019-05-23 17:10:00,73.24,69.02,58.98,On
2019-05-23 17:15:00,73.24,69.02,59.18,On
2019-05-23 17:15:00,73.24,69.7,59.18,On
2019-05-23 17:15:00,73.2,69.7,59.18,On
2019-05-23 17:20:00,73.2,69.7,59.27,On
2019-05-23 17:25:00,73.2,69.7,59.48,On
2019-05-23 17:30:00,73.2,69.7,59.33,On
2019-05-23 17:30:00,73.2,69.94,59.33,On
2019-05-23 17:30:00,73.2,69.94,59.33,On
2019-05-23 17:35:00,73.2,69.94,59.32,On
2019-05-23 17:40:00,73.2,69.94,59.18,On
2019-05-23 17:45:00,73.2,69.94,59.12,On
2019-05-23 17:45:00,73.2,69.84,59.12,On
2019-05-23 17:45:00,73.11,69.84,59.12,On
2019-05-23 17:50:00,73.11,69.84,58.63,On
2019-05-23 17:55:00,73.11,69.84,58.13,On
2019-05-23 18:00:00,73.11,69.84,57.95,On
2019-05-23 18:00:00,73.11,70.2,57.95,On
2019-05-23 18:00:00,73.03,70.2,57.95,On
2019-05-23 18:05:00,73.03,70.2,58.04,On
2019-05-23 18:10:00,73.03,70.2,57.87,On
2019-05-23 18:15:00,73.03,70.2,57.72,On
2019-05-23 18:15:00,73.03,70.02,57.72,On
2019-05-23 18:15:00,73.02,70.02,57.72,On
2019-05-23 18:20:00,73.02,70.02,57.38,On
2019-05-23 18:25:00,73.02,70.02,57.02,On
2019-05-23 18:30:00,73.02,70.02,57.07,On
2019-05-23 18:30:00,73.02,69.83,57.07,On
2019-05-23 18:30:00,73.02,69.83,57.07,On
2019-05-23 18:35:00,73.02,69.83,57.07,On
2019-05-23 18:40:00,73.02,69.83,57.11,On
2019-05-23 18:45:00,73.02,69.83,57.14,On
2019-05-23 18:45:00,73.02,69.8,57.14,On
2019-05-23 18:45:00,72.85,69.8,57.14,On
2019-05-23 18:50:00,72.85,69.8,57.2,On
2019-05-23 18:55:00,72.85,69.8,57.28,On
2019-05-23 19:00:00,72.85,69.8,57.32,On
2019-05-23 19:00:00,72.85,70.61,57.32,On
2019-05-23 19:00:00,72.84,70.61,57.32,On
2019-05-23 19:05:00,72.84,70.61,57.35,On
2019-05-23 19:10:00,72.84,70.61,57.27,On
2019-05-23 19:15:00,72.84,70.61,57.26,On
2019-05-23 19:15:00,72.84,70.61,57.26,On
2019-05-23 19:15:00,72.67,70.61,57.26,On
2019-05-23 19:20:00,72.67,70.61,57.0,On
2019-05-23 19:25:00,72.67,70.61,56.74,On
2019-05-23 19:30:00,72.67,70.61,56.66,On
2019-05-23 19:30:00,72.67,70.55,56.66,On
2019-05-23 19:30:00,72.56,70.55,56.66,On
2019-05-23 19:35:00,72.56,70.55,56.45,On
2019-05-23 19:40:00,72.56,70.55,55.97,On
2019-05-23 19:45:00,72.56,70.55,55.82,On
2019-05-23 19:45:00,72.56,70.02,55.82,On
2019-05-23 19:45:00,72.56,70.02,55.82,On
2019-05-23 19:50:00,72.56,70.02,55.76,On
2019-05-23 19:55:00,72.56,70.02,55.58,On
2019-05-23 20:00:00,72.56,70.02,55.34,On
2019-05-23 20:00:00,72.56,70.01,55.34,On
2019-05-23 20:00:00,72.52,70.01,55.34,On
2019-05-23 20:05:00,72.52,70.01,55.18,On
2019-05-23 20:10:00,72.52,70.01,55.0,On
2019-05-23 20:15:00,72.52,70.01,54.89,On
2019-05-23 20:15:00,72.52,69.92,54.89,On
2019-05-23 20:15:00,72.5,69.92,54.89,On
2019-05-23 20:20:00,72.5,69.92,54.79,On
2019-05-23 20:25:00,72.5,69.92,54.72,On
2019-05-23 20:30:00,72.5,69.92,54.61,On
2019-05-23 20:30:00,72.5,69.84,54.61,On
2019-05-23 20:30:00,72.39,69.84,54.61,On
2019-05-23 20:35:00,72.39,69.84,54.48,On
2019-05-23 20:40:00,72.39,69.84,54.38,On
2019-05-23 20:45:00,72.39,69.84,54.59,On
2019-05-23 20:45:00,72.39,69.83,54.59,On
2019-05-23 20:45:00,72.29,69.83,54.59,On
2019-05-23 20:50:00,72.29,69.83,54.3,On
2019-05-23 20:55:00,72.29,69.83,54.51,On
2019-05-23 21:00:00,72.29,69.83,54.27,On
2019-05-23 21:00:00,72.29,69.66,54.27,On
2019-05-23 21:00:00,72.18,69.66,54.27,On
2019-05-23 22:31:00,72.03,68.97,53.58,On
2019-05-23 22:35:00,72.03,68.97,53.29,On
2019-05-23 22:40:00,72.03,68.97,53.08,On
2019-05-23 22:45:00,72.03,68.97,52.83,On
2019-05-23 22:45:00,72.03,70.44,52.83,On
2019-05-23 22:45:00,71.96,70.44,52.83,On
2019-05-23 22:50:00,71.96,70.44,52.69,On
2019-05-23 22:55:00,71.96,70.44,52.68,On
2019-05-23 23:00:00,71.96,70.44,52.63,On
2019-05-23 23:00:00,71.96,70.43,52.63,On
2019-05-23 23:00:00,71.96,70.43,52.63,On
2019-05-23 23:05:00,71.96,70.43,52.4,On
2019-05-23 23:10:00,71.96,70.43,52.28,On
2019-05-23 23:15:00,71.96,70.43,52.23,On
2019-05-23 23:15:00,71.96,70.33,52.23,On
2019-05-23 23:15:00,71.79,70.33,52.23,On
2019-05-23 23:20:00,71.79,70.33,52.12,On
2019-05-23 23:25:00,71.79,70.33,52.15,On
2019-05-23 23:30:00,71.79,70.33,52.1,On
2019-05-23 23:30:00,71.79,70.2,52.1,On
2019-05-23 23:30:00,71.67,70.2,52.1,On
2019-05-23 23:35:00,71.67,70.2,52.02,On
2019-05-23 23:40:00,71.67,70.2,51.94,On
2019-05-23 23:45:00,71.67,70.2,51.9,On
2019-05-23 23:45:00,71.67,70.01,51.9,On
2019-05-23 23:45:00,71.51,70.01,51.9,On
2019-05-23 23:50:00,71.51,70.01,51.89,On
2019-05-23 23:55:00,71.51,70.01,51.76,On
2019-05-24 00:00:00,71.51,70.01,51.74,On
2019-05-24 00:00:00,71.51,69.84,51.74,On
2019-05-24 00:00:00,71.48,69.84,51.74,On
2019-05-24 00:05:00,71.48,69.84,51.66,On
2019-05-24 00:10:00,71.48,69.84,51.67,On
2019-05-24 00:15:00,71.48,69.84,51.44,On
2019-05-24 00:15:00,71.48,69.9,51.44,On
2019-05-24 00:15:00,71.41,69.9,51.44,On
2019-05-24 00:20:00,71.41,69.9,51.53,On
2019-05-24 00:25:00,71.41,69.9,51.34,On
2019-05-24 00:30:00,71.41,69.9,51.19,On
2019-05-24 00:30:00,71.41,69.84,51.19,On
2019-05-24 00:30:00,71.32,69.84,51.19,On
2019-05-24 00:35:00,71.32,69.84,51.13,On
2019-05-24 00:40:00,71.32,69.84,51.2,On
2019-05-24 00:45:00,71.32,69.84,50.99,On
2019-05-24 00:45:00,71.32,69.83,50.99,On
2019-05-24 00:45:00,71.35,69.83,50.99,On
2019-05-24 00:50:00,71.35,69.83,50.91,On
2019-05-24 00:55:00,71.35,69.83,50.87,On
2019-05-24 01:00:00,71.35,69.83,50.71,On
2019-05-24 01:00:00,71.35,70.96,50.71,On
2019-05-24 01:00:00,72.78,70.96,50.71,On
2019-05-24 01:05:00,72.78,70.96,50.61,On
2019-05-24 04:00:00,70.83,67.62,48.37,On
2019-05-24 04:05:00,70.83,67.62,48.27,On
2019-05-24 04:10:00,70.83,67.62,48.23,On
2019-05-24 04:15:00,70.83,67.62,48.03,On
2019-05-24 04:15:00,70.83,70.96,48.03,On
2019-05-24 04:15:00,73.26,70.96,48.03,On
2019-05-24 04:20:00,73.26,70.96,48.14,On
2019-05-24 04:25:00,73.26,70.96,47.89,On
2019-05-24 04:30:00,73.26,70.96,47.89,On
2019-05-24 04:30:00,73.26,72.56,47.89,On
2019-05-24 04:30:00,74.81,72.56,47.89,On
2019-05-24 04:35:00,74.81,72.56,47.79,On
2019-05-24 04:40:00,74.81,72.56,47.66,On
2019-05-24 04:45:00,74.81,72.56,47.54,On
2019-05-24 04:45:00,74.81,70.96,47.54,On
2019-05-24 04:45:00,75.76,70.96,47.54,On
2019-05-24 04:50:00,75.76,70.96,47.4,On
2019-05-24 04:55:00,75.76,70.96,47.25,On
2019-05-24 05:00:00,75.76,70.96,47.16,On
2019-05-24 05:00:00,75.76,69.96,47.16,On
2019-05-24 05:00:00,76.41,69.96,47.16,On
2019-05-24 05:05:00,76.41,69.96,47.08,On
2019-05-24 05:10:00,76.41,69.96,46.96,On
2019-05-24 05:15:00,76.41,69.96,47.03,On
2019-05-24 05:15:00,76.41,70.79,47.03,On
2019-05-24 05:15:00,77.29,70.79,47.03,On
2019-05-24 05:20:00,77.29,70.79,47.11,On
2019-05-24 05:25:00,77.29,70.79,47.05,On
2019-05-24 05:30:00,77.29,70.79,46.99,On
2019-05-24 05:30:00,77.29,70.44,46.99,On
2019-05-24 05:30:00,77.85,70.44,46.99,On
2019-05-24 05:35:00,77.85,70.44,46.91,On
2019-05-24 05:40:00,77.85,70.44,47.13,On
2019-05-24 05:45:00,77.85,70.44,47.37,On
2019-05-24 05:45:00,77.85,70.42,47.37,On
2019-05-24 05:45:00,78.37,70.42,47.37,On
2019-05-24 05:50:00,78.37,70.42,48.15,On
2019-05-24 05:55:00,78.37,70.42,48.65,On
2019-05-24 06:00:00,78.37,70.42,49.22,On
2019-05-24 06:00:00,78.37,70.36,49.22,On
2019-05-24 06:00:00,78.85,70.36,49.22,On
2019-05-24 06:05:00,78.85,70.36,48.88,On
2019-05-24 06:10:00,78.85,70.36,48.69,On
2019-05-24 06:15:00,78.85,70.36,47.96,On
2019-05-24 06:15:00,78.85,70.18,47.96,On
2019-05-24 06:15:00,79.12,70.18,47.96,On
2019-05-24 06:20:00,79.12,70.18,47.56,On
2019-05-24 06:25:00,79.12,70.18,47.1,On
2019-05-24 06:30:00,79.12,70.18,46.87,On
2019-05-24 06:30:00,79.12,70.26,46.87,On
2019-05-24 06:30:00,79.38,70.26,46.87,On
2019-05-24 06:35:00,79.38,70.26,46.74,On
2019-05-24 06:40:00,79.38,70.26,46.82,On
2019-05-24 06:45:00,79.38,70.26,46.6,On
2019-05-24 06:45:00,79.38,70.43,46.6,On
2019-05-24 06:45:00,79.73,70.43,46.6,On
2019-05-24 06:50:00,79.73,70.43,46.5,On
2019-05-24 06:55:00,79.73,70.43,46.66,On
2019-05-24 07:00:00,79.73,70.43,47.82,On
2019-05-24 07:00:00,79.73,70.37,47.82,On
2019-05-24 07:00:00,79.9,70.37,47.82,On
2019-05-24 07:05:00,79.9,70.37,48.07,On
2019-05-24 07:10:00,79.9,70.37,47.47,On
2019-05-24 07:15:00,79.9,70.37,49.04,On
2019-05-24 07:15:00,79.9,70.46,49.04,On
2019-05-24 07:15:00,80.1,70.46,49.04,On
2019-05-24 07:20:00,80.1,70.46,50.32,On
2019-05-24 07:25:00,80.1,70.46,51.42,On
2019-05-24 07:30:00,80.1,70.46,51.98,On
2019-05-24 07:30:00,80.1,70.55,51.98,On
2019-05-24 07:30:00,80.25,70.55,51.98,On
2019-05-24 07:35:00,80.25,70.55,51.47,On
2019-05-24 07:40:00,80.25,70.55,51.38,On
2019-05-24 07:45:00,80.25,70.55,50.09,On
2019-05-24 07:45:00,80.25,70.51,50.09,On
2019-05-24 07:45:00,80.58,70.51,50.09,On
2019-05-24 07:50:00,80.58,70.51,48.97,On
2019-05-24 07:55:00,80.58,70.51,48.33,On
2019-05-24 08:00:00,80.58,70.51,48.04,On
2019-05-24 08:00:00,80.58,70.62,48.04,On
2019-05-24 08:00:00,80.81,70.62,48.04,On
2019-05-24 08:05:00,80.81,70.62,48.05,On
2019-05-24 08:10:00,80.81,70.62,48.11,On
2019-05-24 08:15:00,80.81,70.62,48.06,On
2019-05-24 08:15:00,80.81,70.68,48.06,On
2019-05-24 08:15:00,80.87,70.68,48.06,On
2019-05-24 08:20:00,80.87,70.68,48.14,On
2019-05-24 08:25:00,80.87,70.68,48.14,On
2019-05-24 08:30:00,80.87,70.68,48.19,On
2019-05-24 08:30:00,80.87,70.61,48.19,On
2019-05-24 08:30:00,80.95,70.61,48.19,On
2019-05-24 08:35:00,80.95,70.61,48.19,On
2019-05-24 08:40:00,80.95,70.61,48.26,On
2019-05-24 08:45:00,80.95,70.61,48.16,On
2019-05-24 08:45:00,80.95,70.54,48.16,On
2019-05-24 08:45:00,80.96,70.54,48.16,On
2019-05-24 08:50:00,80.96,70.54,48.15,On
2019-05-24 08:55:00,80.96,70.54,48.1,On
2019-05-24 09:00:00,80.96,70.54,47.93,On
2019-05-24 09:00:00,80.96,70.49,47.93,On
2019-05-24 09:00:00,81.08,70.49,47.93,On
2019-05-24 09:05:00,81.08,70.49,48.03,On
2019-05-24 09:10:00,81.08,70.49,48.2,On
2019-05-24 09:15:00,81.08,70.49,48.03,On
2019-05-24 09:15:00,81.08,70.38,48.03,On
2019-05-24 09:15:00,80.93,70.38,48.03,On
2019-05-24 09:20:00,80.93,70.38,48.11,On
2019-05-24 09:25:00,80.93,70.38,48.15,On
2019-05-24 09:30:00,80.93,70.38,48.03,On
2019-05-24 09:30:00,80.93,70.18,48.03,On
2019-05-24 09:30:00,81.06,70.18,48.03,On
2019-05-24 09:35:00,81.06,70.18,48.02,On
2019-05-24 09:40:00,81.06,70.18,47.97,On
2019-05-24 09:45:00,81.06,70.18,47.93,On
2019-05-24 09:45:00,81.06,69.89,47.93,On
2019-05-24 09:45:00,81.16,69.89,47.93,On
2019-05-24 09:50:00,81.16,69.89,48.02,On
2019-05-24 09:55:00,81.16,69.89,47.92,On
2019-05-24 10:00:00,81.16,69.89,47.79,On
2019-05-24 10:00:00,81.16,69.51,47.79,On
2019-05-24 10:00:00,81.12,69.51,47.79,On
2019-05-24 10:05:00,81.12,69.51,47.82,On
2019-05-24 10:10:00,81.12,69.51,47.97,On
2019-05-24 10:15:00,81.12,69.51,47.94,On
2019-05-24 10:15:00,81.12,68.96,47.94,On
2019-05-24 10:15:00,81.21,68.96,47.94,On
2019-05-24 10:20:00,81.21,68.96,48.02,On
2019-05-24 10:25:00,81.21,68.96,48.24,On
2019-05-24 10:30:00,81.21,68.96,48.08,On
2019-05-24 10:30:00,81.21,56.0,48.08,On
2019-05-24 10:30:00,80.71,56.0,48.08,On
2019-05-24 10:35:00,80.71,56.0,48.22,On
2019-05-24 10:40:00,80.71,56.0,48.51,On
2019-05-24 10:45:00,80.71,56.0,48.6,On
2019-05-24 10:45:00,80.71,67.9,48.6,On
2019-05-24 10:45:00,78.62,67.9,48.6,On
2019-05-24 10:50:00,78.62,67.9,48.61,On
2019-05-24 10:55:00,78.62,67.9,48.68,On
2019-05-24 11:00:00,78.62,67.9,48.66,On
2019-05-24 11:00:00,78.62,67.38,48.66,On
2019-05-24 11:00:00,77.97,67.38,48.66,On
2019-05-24 11:05:00,77.97,67.38,48.73,On
2019-05-24 11:10:00,77.97,67.38,48.88,On
2019-05-24 11:15:00,77.97,67.38,48.9,On
2019-05-24 11:15:00,77.97,62.25,48.9,On
2019-05-24 11:15:00,77.92,62.25,48.9,On
2019-05-24 11:20:00,77.92,62.25,49.05,On
2019-05-24 11:25:00,77.92,62.25,48.99,On
2019-05-24 11:30:00,77.92,62.25,48.67,On
2019-05-24 11:30:00,77.92,67.38,48.67,On
2019-05-24 11:30:00,77.81,67.38,48.67,On
2019-05-24 11:35:00,77.81,67.38,48.67,On
2019-05-24 11:40:00,77.81,67.38,48.77,On
2019-05-24 11:45:00,77.81,67.38,48.76,On
2019-05-24 11:45:00,77.81,61.38,48.76,On
2019-05-24 11:45:00,78.18,61.38,48.76,On
2019-05-24 11:50:00,78.18,61.38,49.02,On
2019-05-24 11:55:00,78.18,61.38,48.94,On
2019-05-24 12:00:00,78.18,61.38,49.19,On
2019-05-24 12:00:00,78.18,67.5,49.19,On
2019-05-24 12:00:00,77.14,67.5,49.19,On
2019-05-24 12:05:00,77.14,67.5,49.68,On
2019-05-24 12:10:00,77.14,67.5,49.84,On
2019-05-24 12:15:00,77.14,67.5,49.34,On
2019-05-24 12:15:00,77.14,62.34,49.34,On
2019-05-24 12:15:00,77.77,62.34,49.34,On
2019-05-24 12:20:00,77.77,62.34,49.18,On
2019-05-24 12:25:00,77.77,62.34,49.31,On
2019-05-24 12:30:00,77.77,62.34,49.67,On
2019-05-24 12:30:00,77.77,68.31,49.67,On
2019-05-24 12:30:00,77.45,68.31,49.67,On
2019-05-24 12:35:00,77.45,68.31,49.99,On
2019-05-24 12:40:00,77.45,68.31,50.27,On
2019-05-24 12:45:00,77.45,68.31,50.13,On
2019-05-24 12:45:00,77.45,67.78,50.13,On
2019-05-24 12:45:00,76.96,67.78,50.13,On
2019-05-24 12:50:00,76.96,67.78,49.79,On
2019-05-24 12:55:00,76.96,67.78,49.5,On
2019-05-24 13:00:00,76.96,67.78,49.06,On
2019-05-24 13:00:00,76.96,67.78,49.06,On
2019-05-24 13:00:00,77.63,67.78,49.06,On
2019-05-24 13:05:00,77.63,67.78,48.67,On
2019-05-24 13:10:00,77.63,67.78,48.39,On
2019-05-24 13:15:00,77.63,67.78,48.34,On
2019-05-24 13:15:00,77.63,67.07,48.34,On
2019-05-24 13:15:00,77.05,67.07,48.34,On
2019-05-24 13:20:00,77.05,67.07,48.6,On
2019-05-24 13:25:00,77.05,67.07,48.67,On
2019-05-24 13:30:00,77.05,67.07,48.72,On
2019-05-24 13:30:00,77.05,63.27,48.72,On
2019-05-24 13:30:00,76.72,63.27,48.72,On
2019-05-24 13:35:00,76.72,63.27,48.68,On
2019-05-24 13:40:00,76.72,63.27,48.67,On
2019-05-24 13:45:00,76.72,63.27,48.81,On
2019-05-24 13:45:00,76.72,67.47,48.81,On
2019-05-24 13:45:00,76.68,67.47,48.81,On
2019-05-24 13:50:00,76.68,67.47,48.7,On
2019-05-24 13:55:00,76.68,67.47,48.8,On
2019-05-24 14:00:00,76.68,67.47,48.81,On
2019-05-24 14:00:00,76.68,68.62,48.81,On
2019-05-24 14:00:00,77.98,68.62,48.81,On
2019-05-24 14:05:00,77.98,68.62,48.73,On
2019-05-24 14:10:00,77.98,68.62,48.87,On
2019-05-24 14:15:00,77.98,68.62,48.89,On
2019-05-24 14:15:00,77.98,69.24,48.89,On
2019-05-24 14:15:00,78.68,69.24,48.89,On
2019-05-24 14:20:00,78.68,69.24,48.71,On
2019-05-24 14:25:00,78.68,69.24,48.51,On
2019-05-24 14:30:00,78.68,69.24,48.38,On
2019-05-24 14:30:00,78.68,69.68,48.38,On
2019-05-24 14:30:00,79.2,69.68,48.38,On
2019-05-24 14:35:00,79.2,69.68,48.08,On
2019-05-24 14:40:00,79.2,69.68,48.1,On
2019-05-24 14:45:00,79.2,69.68,48.08,On
2019-05-24 14:45:00,79.2,69.99,48.08,On
2019-05-24 14:45:00,79.59,69.99,48.08,On
2019-05-24 14:50:00,79.59,69.99,47.79,On
2019-05-24 14:55:00,79.59,69.99,47.68,On
2019-05-24 15:00:00,79.59,69.99,47.57,On
2019-05-24 15:00:00,79.59,70.1,47.57,On
2019-05-24 15:00:00,79.81,70.1,47.57,On
2019-05-24 15:05:00,79.81,70.1,47.41,On
2019-05-24 15:10:00,79.81,70.1,47.23,On
2019-05-24 15:15:00,79.81,70.1,47.2,On
2019-05-24 15:15:00,79.81,70.26,47.2,On
2019-05-24 15:15:00,80.13,70.26,47.2,On
2019-05-24 15:20:00,80.13,70.26,47.26,On
2019-05-24 15:25:00,80.13,70.26,47.16,On
2019-05-24 15:30:00,80.13,70.26,46.99,On
2019-05-24 15:30:00,80.13,54.62,46.99,On
2019-05-24 15:30:00,79.49,54.62,46.99,On
2019-05-24 15:35:00,79.49,54.62,47.05,On
2019-05-24 15:40:00,79.49,54.62,47.22,On
2019-05-24 15:45:00,79.49,54.62,47.35,On
2019-05-24 15:45:00,79.49,67.72,47.35,On
2019-05-24 15:45:00,77.94,67.72,47.35,On
2019-05-24 15:50:00,77.94,67.72,47.23,On
2019-05-24 15:55:00,77.94,67.72,47.23,On
2019-05-24 16:00:00,77.94,67.72,47.33,On
2019-05-24 16:00:00,77.94,67.25,47.33,On
2019-05-24 16:00:00,77.36,67.25,47.33,On
2019-05-24 16:05:00,77.36,67.25,47.39,On
2019-05-24 16:10:00,77.36,67.25,47.38,On
2019-05-24 16:15:00,77.36,67.25,47.37,On
2019-05-24 16:15:00,77.36,66.56,47.37,On
2019-05-24 16:15:00,77.19,66.56,47.37,On
2019-05-24 16:20:00,77.19,66.56,47.5,On
2019-05-24 16:25:00,77.19,66.56,47.71,On
2019-05-24 16:30:00,77.19,66.56,47.71,On
2019-05-24 16:30:00,77.19,63.11,47.71,On
2019-05-24 16:30:00,77.11,63.11,47.71,On
2019-05-24 16:35:00,77.11,63.11,47.74,On
2019-05-24 16:40:00,77.11,63.11,47.89,On
2019-05-24 16:45:00,77.11,63.11,48.1,On
2019-05-24 16:45:00,77.11,67.44,48.1,On
2019-05-24 16:45:00,76.9,67.44,48.1,On
2019-05-24 16:50:00,76.9,67.44,48.33,On
2019-05-24 16:55:00,76.9,67.44,48.44,On
2019-05-24 17:00:00,76.9,67.44,48.59,On
2019-05-24 17:00:00,76.9,67.4,48.59,On
2019-05-24 17:00:00,76.87,67.4,48.59,On
2019-05-24 17:05:00,76.87,67.4,48.81,On
2019-05-24 17:10:00,76.87,67.4,48.89,On
2019-05-24 17:15:00,76.87,67.4,48.88,On
2019-05-24 17:15:00,76.87,67.78,48.88,On
2019-05-24 17:15:00,77.2,67.78,48.88,On
2019-05-24 17:20:00,77.2,67.78,49.06,On
2019-05-24 17:25:00,77.2,67.78,49.05,On
2019-05-24 17:30:00,77.2,67.78,49.16,On
2019-05-24 17:30:00,77.2,67.39,49.16,On
2019-05-24 17:30:00,76.7,67.39,49.16,On
2019-05-24 17:35:00,76.7,67.39,49.16,On
2019-05-24 17:40:00,76.7,67.39,49.21,On
2019-05-24 17:45:00,76.7,67.39,49.24,On
2019-05-24 17:45:00,76.7,68.13,49.24,On
2019-05-24 17:45:00,77.14,68.13,49.24,On
2019-05-24 17:50:00,77.14,68.13,49.33,On
2019-05-24 17:55:00,77.14,68.13,49.39,On
2019-05-24 18:00:00,77.14,68.13,49.59,On
2019-05-24 18:00:00,77.14,68.91,49.59,On
2019-05-24 18:00:00,78.2,68.91,49.59,On
2019-05-25 05:09:00,64.73,66.2,49.75,On
2019-05-25 05:10:00,64.73,66.2,49.85,On
2019-05-25 05:15:00,64.73,66.2,49.96,On
2019-05-25 05:15:00,64.73,68.49,49.96,On
2019-05-25 05:15:00,71.0,68.49,49.96,On
2019-05-25 05:20:00,71.0,68.49,50.03,On
2019-05-25 05:25:00,71.0,68.49,50.16,On
2019-05-25 05:30:00,71.0,68.49,50.36,On
2019-05-25 05:30:00,71.0,71.5,50.36,On
2019-05-25 05:30:00,73.62,71.5,50.36,On
2019-05-25 05:35:00,73.62,71.5,50.51,On
2019-05-25 05:40:00,73.62,71.5,50.51,On
2019-05-25 05:45:00,73.62,71.5,50.68,On
2019-05-25 05:45:00,73.62,73.12,50.68,On
2019-05-25 05:45:00,75.16,73.12,50.68,On
2019-05-25 05:50:00,75.16,73.12,50.7,On
2019-05-25 23:37:00,63.77,66.26,53.65,On
2019-05-25 23:40:00,63.77,66.26,53.38,On
2019-05-25 23:45:00,63.77,66.26,53.02,On
2019-05-25 23:45:00,63.77,68.66,53.02,On
2019-05-25 23:45:00,70.93,68.66,53.02,On
2019-05-25 23:50:00,70.93,68.66,52.67,On
2019-05-25 23:55:00,70.93,68.66,52.45,On
2019-05-26 00:41:00,75.61,82.31,50.9,On
2019-05-26 00:45:00,75.61,82.31,50.39,On
2019-05-26 00:45:00,75.61,70.38,50.39,On
2019-05-26 00:45:00,71.5,70.38,50.39,On
2019-05-26 00:50:00,71.5,70.38,50.6,On
2019-05-26 00:55:00,71.5,70.38,51.0,On
2019-05-26 01:00:00,71.5,70.38,51.03,On
2019-05-26 01:00:00,71.5,69.66,51.03,On
2019-05-26 01:00:00,71.3,69.66,51.03,On
2019-05-26 01:05:00,71.3,69.66,50.81,On
2019-05-26 01:10:00,71.3,69.66,50.51,On
2019-05-26 01:15:00,71.3,69.66,50.41,On
2019-05-26 01:15:00,71.3,69.51,50.41,On
2019-05-26 01:15:00,71.14,69.51,50.41,On
2019-05-26 01:20:00,71.14,69.51,50.28,On
2019-05-26 01:25:00,71.14,69.51,50.17,On
2019-05-26 01:30:00,71.14,69.51,50.07,On
2019-05-26 01:30:00,71.14,69.31,50.07,On
2019-05-26 01:30:00,71.08,69.31,50.07,On
2019-05-26 01:35:00,71.08,69.31,50.09,On
2019-05-26 01:40:00,71.08,69.31,50.3,On
2019-05-26 01:45:00,71.08,69.31,50.45,On
2019-05-26 01:45:00,71.08,69.37,50.45,On
2019-05-26 01:45:00,71.14,69.37,50.45,On
2019-05-26 01:50:00,71.14,69.37,50.49,On
2019-05-26 01:55:00,71.14,69.37,50.51,On
2019-05-26 02:00:00,71.14,69.37,50.55,On
2019-05-26 02:00:00,71.14,69.55,50.55,On
2019-05-26 02:00:00,71.32,69.55,50.55,On
2019-05-26 02:05:00,71.32,69.55,50.55,On
2019-05-26 02:10:00,71.32,69.55,50.74,On
2019-05-26 02:15:00,71.32,69.55,50.77,On
2019-05-26 02:15:00,71.32,69.55,50.77,On
2019-05-26 02:15:00,71.14,69.55,50.77,On
2019-05-26 02:20:00,71.14,69.55,50.76,On
2019-05-26 02:25:00,71.14,69.55,50.52,On
2019-05-26 02:30:00,71.14,69.55,50.48,On
2019-05-26 02:30:00,71.14,69.48,50.48,On
2019-05-26 02:30:00,71.08,69.48,50.48,On
2019-05-26 02:35:00,71.08,69.48,50.24,On
2019-05-26 02:40:00,71.08,69.48,50.03,On
2019-05-26 02:45:00,71.08,69.48,49.78,On
2019-05-26 02:45:00,71.08,69.31,49.78,On
2019-05-26 02:45:00,70.96,69.31,49.78,On
2019-05-26 02:50:00,70.96,69.31,49.59,On
2019-05-26 02:55:00,70.96,69.31,49.39,On
2019-05-26 04:54:00,70.43,70.73,47.16,On
2019-05-26 04:55:00,70.43,70.73,47.06,On
2019-05-26 05:00:00,70.43,70.73,46.98,On
2019-05-26 05:00:00,70.43,68.96,46.98,On
2019-05-26 05:00:00,70.79,68.96,46.98,On
2019-05-26 05:05:00,70.79,68.96,46.87,On
2019-05-26 05:10:00,70.79,68.96,46.77,On
2019-05-26 05:15:00,70.79,68.96,46.61,On
2019-05-26 05:15:00,70.79,70.48,46.61,On
2019-05-26 05:15:00,72.73,70.48,46.61,On
2019-05-26 05:20:00,72.73,70.48,46.48,On
2019-05-26 05:25:00,72.73,70.48,46.43,On
2019-05-26 06:41:00,71.66,76.7,55.09,On
2019-05-26 06:45:00,71.66,76.7,56.39,On
2019-05-26 06:45:00,71.66,71.3,56.39,On
2019-05-26 06:45:00,71.86,71.3,56.39,On
2019-05-26 20:36:00,67.96,66.3,53.56,On
2019-05-26 20:40:00,67.96,66.3,53.42,On
2019-05-26 20:45:00,67.96,66.3,53.1,On
2019-05-26 20:45:00,67.96,69.73,53.1,On
2019-05-26 20:45:00,72.03,69.73,53.1,On
2019-05-26 20:50:00,72.03,69.73,52.74,On
2019-05-27 00:06:00,64.73,66.61,47.85,On
2019-05-27 00:10:00,64.73,66.61,47.74,On
2019-05-27 00:15:00,64.73,66.61,47.58,On
2019-05-27 00:15:00,64.73,69.34,47.58,On
2019-05-27 00:15:00,71.85,69.34,47.58,On
2019-05-27 00:20:00,71.85,69.34,47.34,On
2019-05-27 00:25:00,71.85,69.34,47.16,On
2019-05-27 00:30:00,71.85,69.34,47.0,On
2019-05-27 00:30:00,71.85,71.36,47.0,On
2019-05-27 00:30:00,73.84,71.36,47.0,On
2019-05-27 01:29:00,72.17,84.8,45.61,On
2019-05-27 01:30:00,72.17,84.8,45.42,On
2019-05-27 01:30:00,72.17,77.23,45.42,On
2019-05-27 01:30:00,72.01,77.23,45.42,On
2019-05-27 01:35:00,72.01,77.23,45.1,On
2019-05-27 01:40:00,72.01,77.23,45.14,On
2019-05-27 01:45:00,72.01,77.23,45.3,On
2019-05-27 01:45:00,72.01,71.14,45.3,On
2019-05-27 01:45:00,73.49,71.14,45.3,On
2019-05-27 01:50:00,73.49,71.14,45.4,On
2019-05-27 01:55:00,73.49,71.14,45.35,On
2019-05-27 02:00:00,73.49,71.14,45.33,On
2019-05-27 02:00:00,73.49,72.2,45.33,On
2019-05-27 02:00:00,74.55,72.2,45.33,On
2019-05-27 02:58:00,72.32,77.75,45.28,On
2019-05-27 03:00:00,72.32,77.75,45.14,On
2019-05-27 03:00:00,72.32,74.61,45.14,On
2019-05-27 03:00:00,72.03,74.61,45.14,On
2019-05-27 03:05:00,72.03,74.61,45.24,On
2019-05-27 03:10:00,72.03,74.61,45.21,On
2019-05-27 03:15:00,72.03,74.61,45.21,On
2019-05-27 03:15:00,72.03,71.3,45.21,On
2019-05-27 03:15:00,73.63,71.3,45.21,On
2019-05-27 03:20:00,73.63,71.3,45.33,On
2019-05-27 03:25:00,73.63,71.3,45.35,On
2019-05-27 03:30:00,73.63,71.3,45.43,On
2019-05-27 03:30:00,73.63,72.38,45.43,On
2019-05-27 03:30:00,74.63,72.38,45.43,On
2019-05-27 04:00:00,72.91,77.96,45.81,On
2019-05-27 04:05:00,72.91,77.96,45.85,On
2019-05-27 04:10:00,72.91,77.96,45.9,On
2019-05-27 04:15:00,72.91,77.96,45.88,On
2019-05-27 04:15:00,72.91,71.5,45.88,On
2019-05-27 04:15:00,73.85,71.5,45.88,On
2019-05-27 04:20:00,73.85,71.5,45.88,On
2019-05-27 04:25:00,73.85,71.5,45.84,On
2019-05-27 04:30:00,73.85,71.5,45.84,On
2019-05-27 04:30:00,73.85,72.91,45.84,On
2019-05-27 04:30:00,75.29,72.91,45.84,On
2019-05-27 04:35:00,75.29,72.91,45.75,On
2019-05-27 04:40:00,75.29,72.91,45.69,On
2019-05-27 04:45:00,75.29,72.91,45.58,On
2019-05-27 04:45:00,75.29,71.26,45.58,On
2019-05-27 04:45:00,76.21,71.26,45.58,On
2019-05-27 04:50:00,76.21,71.26,45.56,On
2019-05-27 04:55:00,76.21,71.26,45.53,On
2019-05-27 05:00:00,76.21,71.26,45.46,On
2019-05-27 05:00:00,76.21,70.19,45.46,On
2019-05-27 05:00:00,76.64,70.19,45.46,On
2019-05-27 05:05:00,76.64,70.19,45.35,On
2019-05-27 05:10:00,76.64,70.19,45.33,On
2019-05-27 05:15:00,76.64,70.19,45.33,On
2019-05-27 05:15:00,76.64,70.26,45.33,On
2019-05-27 05:15:00,77.05,70.26,45.33,On
2019-05-27 05:20:00,77.05,70.26,45.33,On
2019-05-27 05:25:00,77.05,70.26,45.4,On
2019-05-27 05:30:00,77.05,70.26,45.47,On
2019-05-27 05:30:00,77.05,70.33,45.47,On
2019-05-27 05:30:00,77.5,70.33,45.47,On
2019-05-27 05:35:00,77.5,70.33,45.39,On
2019-05-27 05:40:00,77.5,70.33,45.44,On
2019-05-27 05:45:00,77.5,70.33,45.36,On
2019-05-27 05:45:00,77.5,70.26,45.36,On
2019-05-27 05:45:00,77.82,70.26,45.36,On
2019-05-27 05:50:00,77.82,70.26,45.44,On
2019-05-27 05:55:00,77.82,70.26,45.45,On
2019-05-27 06:00:00,77.82,70.26,45.37,On
2019-05-27 06:00:00,77.82,70.02,45.37,On
2019-05-27 06:00:00,78.19,70.02,45.37,On
2019-05-27 06:05:00,78.19,70.02,45.44,On
2019-05-27 06:10:00,78.19,70.02,45.36,On
2019-05-27 06:15:00,78.19,70.02,45.35,On
2019-05-27 06:15:00,78.19,70.26,45.35,On
2019-05-27 06:15:00,78.66,70.26,45.35,On
2019-05-27 06:20:00,78.66,70.26,45.35,On
2019-05-27 06:25:00,78.66,70.26,45.35,On
2019-05-27 06:30:00,78.66,70.26,45.48,On
2019-05-27 06:30:00,78.66,70.09,45.48,On
2019-05-27 06:30:00,78.72,70.09,45.48,On
2019-05-27 06:35:00,78.72,70.09,45.55,On
2019-05-27 06:40:00,78.72,70.09,45.56,On
2019-05-27 06:45:00,78.72,70.09,45.59,On
2019-05-27 06:45:00,78.72,70.13,45.59,On
2019-05-27 06:45:00,79.03,70.13,45.59,On
2019-05-27 06:50:00,79.03,70.13,45.61,On
2019-05-27 06:55:00,79.03,70.13,45.52,On
2019-05-27 07:00:00,79.03,70.13,45.51,On
2019-05-27 07:00:00,79.03,69.98,45.51,On
2019-05-27 07:00:00,79.2,69.98,45.51,On
2019-05-27 07:05:00,79.2,69.98,45.37,On
2019-05-27 07:10:00,79.2,69.98,45.33,On
2019-05-27 07:15:00,79.2,69.98,45.28,On
2019-05-27 07:15:00,79.2,65.72,45.28,On
2019-05-27 07:15:00,79.15,65.72,45.28,On
2019-05-27 07:20:00,79.15,65.72,45.24,On
2019-05-27 07:25:00,79.15,65.72,45.14,On
2019-05-27 07:30:00,79.15,65.72,45.2,On
2019-05-27 07:30:00,79.15,65.97,45.2,On
2019-05-27 07:30:00,77.81,65.97,45.2,On
2019-05-27 07:35:00,77.81,65.97,45.3,On
2019-05-27 07:40:00,77.81,65.97,45.4,On
2019-05-27 07:45:00,77.81,65.97,45.42,On
2019-05-27 07:45:00,77.81,66.38,45.42,On
2019-05-27 07:45:00,77.27,66.38,45.42,On
2019-05-27 07:50:00,77.27,66.38,45.53,On
2019-05-27 07:55:00,77.27,66.38,45.6,On
2019-05-27 08:00:00,77.27,66.38,45.56,On
2019-05-27 08:00:00,77.27,66.36,45.56,On
2019-05-27 08:00:00,76.53,66.36,45.56,On
2019-05-27 08:05:00,76.53,66.36,45.63,On
2019-05-27 08:10:00,76.53,66.36,45.69,On
2019-05-27 08:15:00,76.53,66.36,45.65,On
2019-05-27 08:15:00,76.53,63.49,45.65,On
2019-05-27 08:15:00,76.7,63.49,45.65,On
2019-05-27 08:20:00,76.7,63.49,45.62,On
2019-05-27 08:25:00,76.7,63.49,45.69,On
2019-05-27 08:30:00,76.7,63.49,45.65,On
2019-05-27 08:30:00,76.7,66.54,45.65,On
2019-05-27 08:30:00,76.08,66.54,45.65,On
2019-05-27 08:35:00,76.08,66.54,45.6,On
2019-05-27 08:40:00,76.08,66.54,45.68,On
2019-05-27 08:45:00,76.08,66.54,45.66,On
2019-05-27 08:45:00,76.08,67.6,45.66,On
2019-05-27 08:45:00,77.27,67.6,45.66,On
2019-05-27 08:50:00,77.27,67.6,45.72,On
2019-05-27 08:55:00,77.27,67.6,45.69,On
2019-05-27 09:00:00,77.27,67.6,45.7,On
2019-05-27 09:00:00,77.27,66.32,45.7,On
2019-05-27 09:00:00,76.53,66.32,45.7,On
2019-05-27 09:05:00,76.53,66.32,45.73,On
2019-05-27 09:10:00,76.53,66.32,45.87,On
2019-05-27 09:15:00,76.53,66.32,45.95,On
2019-05-27 09:15:00,76.53,67.21,45.95,On
2019-05-27 09:15:00,76.41,67.21,45.95,On
2019-05-27 09:20:00,76.41,67.21,45.92,On
2019-05-27 09:25:00,76.41,67.21,45.95,On
2019-05-27 09:30:00,76.41,67.21,46.08,On
2019-05-27 09:30:00,76.41,68.63,46.08,On
2019-05-27 09:30:00,77.5,68.63,46.08,On
2019-05-27 09:35:00,77.5,68.63,46.27,On
2019-05-27 09:40:00,77.5,68.63,46.36,On
2019-05-27 09:45:00,77.5,68.63,46.45,On
2019-05-27 09:45:00,77.5,69.68,46.45,On
2019-05-27 09:45:00,78.16,69.68,46.45,On
2019-05-27 09:50:00,78.16,69.68,46.61,On
2019-05-27 09:55:00,78.16,69.68,46.81,On
2019-05-27 10:00:00,78.16,69.68,47.13,On
2019-05-27 10:00:00,78.16,70.26,47.13,On
2019-05-27 10:00:00,78.68,70.26,47.13,On
2019-05-27 10:05:00,78.68,70.26,47.41,On
2019-05-27 10:10:00,78.68,70.26,47.73,On
2019-05-27 10:15:00,78.68,70.26,48.03,On
2019-05-27 10:15:00,78.68,68.6,48.03,On
2019-05-27 10:15:00,78.85,68.6,48.03,On
2019-05-27 10:20:00,78.85,68.6,48.38,On
2019-05-27 10:25:00,78.85,68.6,48.54,On
2019-05-27 10:30:00,78.85,68.6,48.51,On
2019-05-27 10:30:00,78.85,53.9,48.51,On
2019-05-27 10:30:00,78.47,53.9,48.51,On
2019-05-27 10:35:00,78.47,53.9,48.54,On
2019-05-27 10:40:00,78.47,53.9,48.59,On
2019-05-27 10:45:00,78.47,53.9,48.44,On
2019-05-27 10:45:00,78.47,67.25,48.44,On
2019-05-27 10:45:00,76.87,67.25,48.44,On
2019-05-27 10:50:00,76.87,67.25,48.33,On
2019-05-27 10:55:00,76.87,67.25,48.28,On
2019-05-27 11:00:00,76.87,67.25,48.29,On
2019-05-27 11:00:00,76.87,65.63,48.29,On
2019-05-27 11:00:00,76.7,65.63,48.29,On
2019-05-27 11:05:00,76.7,65.63,48.28,On
2019-05-27 11:10:00,76.7,65.63,48.14,On
2019-05-27 11:15:00,76.7,65.63,48.07,On
2019-05-27 11:15:00,76.7,62.25,48.07,On
2019-05-27 11:15:00,77.12,62.25,48.07,On
2019-05-27 11:20:00,77.12,62.25,47.94,On
2019-05-27 11:25:00,77.12,62.25,47.94,On
2019-05-27 11:30:00,77.12,62.25,47.92,On
2019-05-27 11:30:00,77.12,63.67,47.92,On
2019-05-27 11:30:00,76.69,63.67,47.92,On
2019-05-27 11:35:00,76.69,63.67,47.8,On
2019-05-27 11:40:00,76.69,63.67,47.91,On
2019-05-27 11:45:00,76.69,63.67,47.85,On
2019-05-27 11:45:00,76.69,67.07,47.85,On
2019-05-27 11:45:00,76.41,67.07,47.85,On
2019-05-27 11:50:00,76.41,67.07,47.95,On
2019-05-27 11:55:00,76.41,67.07,47.92,On
2019-05-27 12:00:00,76.41,67.07,47.96,On
2019-05-27 12:00:00,76.41,57.49,47.96,On
2019-05-27 12:00:00,77.45,57.49,47.96,On
2019-05-27 12:05:00,77.45,57.49,48.2,On
2019-05-27 12:10:00,77.45,57.49,48.15,On
2019-05-27 12:15:00,77.45,57.49,48.08,On
2019-05-27 12:15:00,77.45,67.39,48.08,On
2019-05-27 12:15:00,76.2,67.39,48.08,On
2019-05-27 12:20:00,76.2,67.39,48.23,On
2019-05-27 12:25:00,76.2,67.39,48.07,On
2019-05-27 12:30:00,76.2,67.39,48.06,On
2019-05-27 12:30:00,76.2,64.37,48.06,On
2019-05-27 12:30:00,76.39,64.37,48.06,On
2019-05-27 12:35:00,76.39,64.37,48.07,On
2019-05-27 12:40:00,76.39,64.37,48.06,On
2019-05-27 12:45:00,76.39,64.37,48.05,On
2019-05-27 12:45:00,76.39,67.08,48.05,On
2019-05-27 12:45:00,76.24,67.08,48.05,On
2019-05-27 12:50:00,76.24,67.08,48.03,On
2019-05-27 12:55:00,76.24,67.08,47.93,On
2019-05-27 13:00:00,76.24,67.08,47.98,On
2019-05-27 13:00:00,76.24,62.24,47.98,On
2019-05-27 13:00:00,76.52,62.24,47.98,On
2019-05-27 13:05:00,76.52,62.24,48.03,On
2019-05-27 13:10:00,76.52,62.24,47.94,On
2019-05-27 13:15:00,76.52,62.24,48.05,On
2019-05-27 13:15:00,76.52,67.07,48.05,On
2019-05-27 13:15:00,76.22,67.07,48.05,On
2019-05-27 13:20:00,76.22,67.07,47.96,On
2019-05-27 13:25:00,76.22,67.07,47.91,On
2019-05-27 13:30:00,76.22,67.07,47.76,On
2019-05-27 13:30:00,76.22,68.27,47.76,On
2019-05-27 13:30:00,77.29,68.27,47.76,On
2019-05-27 13:35:00,77.29,68.27,47.76,On
2019-05-27 13:40:00,77.29,68.27,47.74,On
2019-05-27 13:45:00,77.29,68.27,47.73,On
2019-05-27 13:45:00,77.29,69.16,47.73,On
2019-05-27 13:45:00,78.0,69.16,47.73,On
2019-05-27 13:50:00,78.0,69.16,47.78,On
2019-05-27 13:55:00,78.0,69.16,47.71,On
2019-05-27 14:00:00,78.0,69.16,47.75,On
2019-05-27 14:00:00,78.0,69.46,47.75,On
2019-05-27 14:00:00,78.37,69.46,47.75,On
2019-05-27 14:05:00,78.37,69.46,47.73,On
2019-05-27 14:10:00,78.37,69.46,47.78,On
2019-05-27 14:15:00,78.37,69.46,47.87,On
2019-05-27 14:15:00,78.37,69.13,47.87,On
2019-05-27 14:15:00,78.8,69.13,47.87,On
2019-05-27 14:20:00,78.8,69.13,47.7,On
2019-05-27 14:25:00,78.8,69.13,47.62,On
2019-05-27 14:30:00,78.8,69.13,47.49,On
2019-05-27 14:30:00,78.8,60.22,47.49,On
2019-05-27 14:30:00,78.99,60.22,47.49,On
2019-05-27 14:35:00,78.99,60.22,47.32,On
2019-05-27 14:40:00,78.99,60.22,47.25,On
2019-05-27 14:45:00,78.99,60.22,47.21,On
2019-05-27 14:45:00,78.99,66.79,47.21,On
2019-05-27 14:45:00,77.01,66.79,47.21,On
2019-05-27 14:50:00,77.01,66.79,47.39,On
2019-05-27 14:55:00,77.01,66.79,47.34,On
2019-05-27 15:00:00,77.01,66.79,47.58,On
2019-05-27 15:00:00,77.01,65.29,47.58,On
2019-05-27 15:00:00,76.7,65.29,47.58,On
2019-05-27 15:05:00,76.7,65.29,47.84,On
2019-05-27 15:10:00,76.7,65.29,48.05,On
2019-05-27 15:15:00,76.7,65.29,48.35,On
2019-05-27 15:15:00,76.7,61.91,48.35,On
2019-05-27 15:15:00,76.88,61.91,48.35,On
2019-05-27 15:20:00,76.88,61.91,48.4,On
2019-05-27 15:25:00,76.88,61.91,48.58,On
2019-05-27 15:30:00,76.88,61.91,48.75,On
2019-05-27 15:30:00,76.88,66.72,48.75,On
2019-05-27 15:30:00,76.14,66.72,48.75,On
2019-05-27 15:35:00,76.14,66.72,48.83,On
2019-05-27 15:40:00,76.14,66.72,48.9,On
2019-05-27 15:45:00,76.14,66.72,48.72,On
2019-05-27 15:45:00,76.14,63.29,48.72,On
2019-05-27 15:45:00,76.36,63.29,48.72,On
2019-05-27 15:50:00,76.36,63.29,48.73,On
2019-05-27 15:55:00,76.36,63.29,48.67,On
2019-05-27 16:00:00,76.36,63.29,48.65,On
2019-05-27 16:00:00,76.36,66.65,48.65,On
2019-05-27 16:00:00,76.1,66.65,48.65,On
2019-05-27 16:05:00,76.1,66.65,48.44,On
2019-05-27 16:10:00,76.1,66.65,48.32,On
2019-05-27 16:15:00,76.1,66.65,48.26,On
2019-05-27 16:15:00,76.1,66.5,48.26,On
2019-05-27 16:15:00,75.67,66.5,48.26,On
2019-05-27 16:20:00,75.67,66.5,48.28,On
2019-05-27 16:25:00,75.67,66.5,48.15,On
2019-05-27 16:30:00,75.67,66.5,48.01,On
2019-05-27 16:30:00,75.67,67.38,48.01,On
2019-05-27 16:30:00,76.54,67.38,48.01,On
2019-05-27 16:35:00,76.54,67.38,48.2,On
2019-05-27 16:40:00,76.54,67.38,48.09,On
2019-05-27 16:45:00,76.54,67.38,48.08,On
2019-05-27 16:45:00,76.54,66.5,48.08,On
2019-05-27 16:45:00,75.77,66.5,48.08,On
2019-05-27 16:50:00,75.77,66.5,47.87,On
2019-05-27 16:55:00,75.77,66.5,47.43,On
2019-05-27 17:00:00,75.77,66.5,47.28,On
2019-05-27 17:00:00,75.77,59.51,47.28,On
2019-05-27 17:00:00,76.18,59.51,47.28,On
2019-05-27 17:05:00,76.18,59.51,47.16,On
2019-05-27 17:10:00,76.18,59.51,46.71,On
2019-05-27 17:15:00,76.18,59.51,46.38,On
2019-05-27 17:15:00,76.18,66.32,46.38,On
2019-05-27 17:15:00,75.5,66.32,46.38,On
2019-05-27 17:20:00,75.5,66.32,46.34,On
2019-05-27 17:25:00,75.5,66.32,46.59,On
2019-05-27 17:30:00,75.5,66.32,46.24,On
2019-05-27 17:30:00,75.5,67.99,46.24,On
2019-05-27 17:30:00,76.7,67.99,46.24,On
2019-05-27 17:35:00,76.7,67.99,46.19,On
2019-05-27 17:40:00,76.7,67.99,46.04,On
2019-05-27 17:45:00,76.7,67.99,45.62,On
2019-05-27 17:45:00,76.7,63.4,45.62,On
2019-05-27 17:45:00,77.05,63.4,45.62,On
2019-05-27 17:50:00,77.05,63.4,45.45,On
2019-05-27 17:55:00,77.05,63.4,45.44,On
2019-05-27 18:00:00,77.05,63.4,45.33,On
2019-05-27 18:00:00,77.05,66.5,45.33,On
2019-05-27 18:00:00,75.89,66.5,45.33,On
2019-05-27 18:05:00,75.89,66.5,45.25,On
2019-05-27 18:10:00,75.89,66.5,45.21,On
2019-05-27 18:15:00,75.89,66.5,45.15,On
2019-05-27 18:15:00,75.89,65.09,45.15,On
2019-05-27 18:15:00,76.14,65.09,45.15,On
2019-05-27 18:20:00,76.14,65.09,45.17,On
2019-05-27 18:25:00,76.14,65.09,45.05,On
2019-05-27 18:30:00,76.14,65.09,45.04,On
2019-05-27 18:30:00,76.14,66.67,45.04,On
2019-05-27 18:30:00,76.01,66.67,45.04,On
2019-05-27 18:35:00,76.01,66.67,45.16,On
2019-05-27 18:40:00,76.01,66.67,45.29,On
2019-05-27 18:45:00,76.01,66.67,45.32,On
2019-05-27 18:45:00,76.01,68.31,45.32,On
2019-05-27 18:45:00,77.11,68.31,45.32,On
2019-05-27 18:50:00,77.11,68.31,45.33,On
2019-05-27 18:55:00,77.11,68.31,45.06,On
2019-05-27 19:00:00,77.11,68.31,44.94,On
2019-05-27 19:00:00,77.11,69.68,44.94,On
2019-05-27 19:00:00,77.88,69.68,44.94,On
2019-05-27 19:05:00,77.88,69.68,45.08,On
2019-05-27 19:10:00,77.88,69.68,45.03,On
2019-05-27 19:15:00,77.88,69.68,45.02,On
2019-05-27 19:15:00,77.88,68.03,45.02,On
2019-05-27 19:15:00,78.32,68.03,45.02,On
2019-05-27 19:20:00,78.32,68.03,44.96,On
2019-05-27 19:25:00,78.32,68.03,45.01,On
2019-05-27 19:30:00,78.32,68.03,45.1,On
2019-05-27 19:30:00,78.32,50.87,45.1,On
2019-05-27 19:30:00,77.45,50.87,45.1,On
2019-05-27 19:35:00,77.45,50.87,45.21,On
2019-05-27 19:40:00,77.45,50.87,45.12,On
2019-05-27 19:45:00,77.45,50.87,45.11,On
2019-05-27 19:45:00,77.45,58.57,45.11,On
2019-05-27 19:45:00,76.63,58.57,45.11,On
2019-05-27 19:50:00,76.63,58.57,44.96,On
2019-05-27 19:55:00,76.63,58.57,44.98,On
2019-05-27 20:00:00,76.63,58.57,44.94,On
2019-05-27 20:00:00,76.63,66.01,44.94,On
2019-05-27 20:00:00,75.94,66.01,44.94,On
2019-05-27 20:05:00,75.94,66.01,44.85,On
2019-05-27 20:10:00,75.94,66.01,44.84,On
2019-05-27 20:15:00,75.94,66.01,44.89,On
2019-05-27 20:15:00,75.94,60.99,44.89,On
2019-05-27 20:15:00,76.18,60.99,44.89,On
2019-05-27 20:20:00,76.18,60.99,44.71,On
2019-05-27 20:25:00,76.18,60.99,44.78,On
2019-05-27 20:30:00,76.18,60.99,44.8,On
2019-05-27 20:30:00,76.18,65.97,44.8,On
2019-05-27 20:30:00,75.85,65.97,44.8,On
2019-05-27 20:35:00,75.85,65.97,44.7,On
2019-05-27 20:40:00,75.85,65.97,44.63,On
2019-05-27 20:45:00,75.85,65.97,44.59,On
2019-05-27 20:45:00,75.85,65.66,44.59,On
2019-05-27 20:45:00,75.66,65.66,44.59,On
2019-05-27 20:50:00,75.66,65.66,44.59,On
2019-05-27 20:55:00,75.66,65.66,44.59,On
2019-05-27 21:00:00,75.66,65.66,44.61,On
2019-05-27 21:00:00,75.66,58.17,44.61,On
2019-05-27 21:00:00,76.07,58.17,44.61,On
2019-05-28 04:00:00,63.82,65.97,41.84,On
2019-05-28 04:05:00,63.82,65.97,41.98,On
2019-05-28 04:10:00,63.82,65.97,42.12,On
2019-05-28 04:15:00,63.82,65.97,42.17,On
2019-05-28 04:15:00,63.82,70.8,42.17,On
2019-05-28 04:15:00,73.98,70.8,42.17,On
2019-05-28 04:20:00,73.98,70.8,42.19,On
2019-05-28 04:25:00,73.98,70.8,42.39,On
2019-05-28 04:30:00,73.98,70.8,42.44,On
2019-05-28 04:30:00,73.98,72.73,42.44,On
2019-05-28 04:30:00,75.48,72.73,42.44,On
2019-05-28 04:35:00,75.48,72.73,42.62,On
2019-05-28 04:40:00,75.48,72.73,42.71,On
2019-05-28 04:45:00,75.48,72.73,42.84,On
2019-05-28 04:45:00,75.48,71.02,42.84,On
2019-05-28 04:45:00,76.39,71.02,42.84,On
2019-05-28 04:50:00,76.39,71.02,42.85,On
2019-05-28 04:55:00,76.39,71.02,42.9,On
2019-05-28 05:00:00,76.39,71.02,43.07,On
2019-05-28 05:00:00,76.39,69.81,43.07,On
2019-05-28 05:00:00,77.02,69.81,43.07,On
2019-05-28 05:05:00,77.02,69.81,43.18,On
2019-05-28 05:10:00,77.02,69.81,43.18,On
2019-05-28 05:15:00,77.02,69.81,43.2,On
2019-05-28 05:15:00,77.02,70.12,43.2,On
2019-05-28 05:15:00,77.52,70.12,43.2,On
2019-05-28 05:20:00,77.52,70.12,43.28,On
2019-05-28 05:25:00,77.52,70.12,43.27,On
2019-05-28 05:30:00,77.52,70.12,43.38,On
2019-05-28 05:30:00,77.52,70.61,43.38,On
2019-05-28 05:30:00,78.1,70.61,43.38,On
2019-05-28 05:35:00,78.1,70.61,43.37,On
2019-05-28 05:40:00,78.1,70.61,43.42,On
2019-05-28 05:45:00,78.1,70.61,43.31,On
2019-05-28 05:45:00,78.1,70.18,43.31,On
2019-05-28 05:45:00,78.7,70.18,43.31,On
2019-05-28 05:50:00,78.7,70.18,43.38,On
2019-05-28 05:55:00,78.7,70.18,43.35,On
2019-05-28 06:00:00,78.7,70.18,43.42,On
2019-05-28 06:00:00,78.7,53.13,43.42,On
2019-05-28 06:00:00,78.32,53.13,43.42,On
2019-05-28 06:05:00,78.32,53.13,43.51,On
2019-05-28 06:10:00,78.32,53.13,43.53,On
2019-05-28 06:15:00,78.32,53.13,43.57,On
2019-05-28 06:15:00,78.32,66.14,43.57,On
2019-05-28 06:15:00,76.7,66.14,43.57,On
2019-05-28 06:20:00,76.7,66.14,43.81,On
2019-05-28 06:25:00,76.7,66.14,43.89,On
2019-05-28 06:30:00,76.7,66.14,44.27,On
2019-05-28 06:30:00,76.7,61.73,44.27,On
2019-05-28 06:30:00,76.66,61.73,44.27,On
2019-05-28 06:35:00,76.66,61.73,45.03,On
2019-05-28 06:40:00,76.66,61.73,47.54,On
2019-05-28 06:45:00,76.66,61.73,50.25,On
2019-05-28 06:45:00,76.66,66.93,50.25,On
2019-05-28 06:45:00,76.36,66.93,50.25,On
2019-05-28 06:50:00,76.36,66.93,52.7,On
2019-05-28 06:55:00,76.36,66.93,54.17,On
2019-05-28 07:00:00,76.36,66.93,55.09,On
2019-05-28 07:00:00,76.36,66.04,55.09,On
2019-05-28 07:00:00,76.17,66.04,55.09,On
2019-05-28 07:05:00,76.17,66.04,54.43,On
2019-05-28 07:10:00,76.17,66.04,54.8,On
2019-05-28 07:15:00,76.17,66.04,55.29,On
2019-05-28 07:15:00,76.17,67.6,55.29,On
2019-05-28 07:15:00,76.37,67.6,55.29,On
2019-05-28 07:20:00,76.37,67.6,55.0,On
2019-05-28 07:25:00,76.37,67.6,54.66,On
2019-05-28 07:30:00,76.37,67.6,54.08,On
2019-05-28 07:30:00,76.37,68.66,54.08,On
2019-05-28 07:30:00,77.62,68.66,54.08,On
2019-05-28 07:35:00,77.62,68.66,53.49,On
2019-05-28 07:40:00,77.62,68.66,53.04,On
2019-05-28 07:45:00,77.62,68.66,53.25,On
2019-05-28 07:45:00,77.62,69.49,53.25,On
2019-05-28 07:45:00,78.2,69.49,53.25,On
2019-05-28 07:50:00,78.2,69.49,53.52,On
2019-05-28 07:55:00,78.2,69.49,53.54,On
2019-05-28 08:00:00,78.2,69.49,54.38,On
2019-05-28 08:00:00,78.2,70.08,54.38,On
2019-05-28 08:00:00,78.68,70.08,54.38,On
2019-05-28 08:05:00,78.68,70.08,54.73,On
2019-05-28 08:10:00,78.68,70.08,55.16,On
2019-05-28 08:15:00,78.68,70.08,55.56,On
2019-05-28 08:15:00,78.68,70.57,55.56,On
2019-05-28 08:15:00,79.03,70.57,55.56,On
2019-05-28 08:20:00,79.03,70.57,56.37,On
2019-05-28 08:25:00,79.03,70.57,57.0,On
2019-05-28 08:30:00,79.03,70.57,57.38,On
2019-05-28 08:30:00,79.03,67.47,57.38,On
2019-05-28 08:30:00,78.45,67.47,57.38,On
2019-05-28 08:35:00,78.45,67.47,57.8,On
2019-05-28 08:40:00,78.45,67.47,58.09,On
2019-05-28 08:45:00,78.45,67.47,57.9,On
2019-05-28 08:45:00,78.45,69.3,57.9,On
2019-05-28 08:45:00,76.18,69.3,57.9,On
2019-05-28 08:50:00,76.18,69.3,56.48,On
2019-05-28 08:55:00,76.18,69.3,55.8,On
2019-05-28 09:00:00,76.18,69.3,55.27,On
2019-05-28 09:00:00,76.18,68.64,55.27,On
2019-05-28 09:00:00,75.62,68.64,55.27,On
2019-05-28 09:05:00,75.62,68.64,54.89,On
2019-05-28 09:10:00,75.62,68.64,54.91,On
2019-05-28 09:15:00,75.62,68.64,54.86,On
2019-05-28 09:15:00,75.62,68.69,54.86,On
2019-05-28 09:15:00,75.14,68.69,54.86,On
2019-05-28 09:20:00,75.14,68.69,54.96,On
2019-05-28 09:25:00,75.14,68.69,55.0,On
2019-05-28 09:30:00,75.14,68.69,55.01,On
2019-05-28 09:30:00,75.14,69.13,55.01,On
2019-05-28 09:30:00,74.73,69.13,55.01,On
2019-05-28 09:35:00,74.73,69.13,55.22,On
2019-05-28 09:40:00,74.73,69.13,55.52,On
2019-05-28 09:45:00,74.73,69.13,55.62,On
2019-05-28 09:45:00,74.73,70.2,55.62,On
2019-05-28 09:45:00,74.41,70.2,55.62,On
2019-05-28 09:50:00,74.41,70.2,55.98,On
2019-05-28 09:55:00,74.41,70.2,56.42,On
2019-05-28 10:00:00,74.41,70.2,56.67,On
2019-05-28 10:00:00,74.41,70.02,56.67,On
2019-05-28 10:00:00,74.29,70.02,56.67,On
2019-05-28 10:05:00,74.29,70.02,56.91,On
2019-05-28 10:10:00,74.29,70.02,57.38,On
2019-05-28 10:15:00,74.29,70.02,57.78,On
2019-05-28 10:15:00,74.29,70.08,57.78,On
2019-05-28 10:15:00,74.16,70.08,57.78,On
2019-05-28 10:20:00,74.16,70.08,57.92,On
2019-05-28 10:25:00,74.16,70.08,57.92,On
2019-05-28 10:30:00,74.16,70.08,58.1,On
2019-05-28 10:30:00,74.16,70.15,58.1,On
2019-05-28 10:30:00,73.97,70.15,58.1,On
2019-05-28 10:35:00,73.97,70.15,58.32,On
2019-05-28 10:40:00,73.97,70.15,58.73,On
2019-05-28 10:45:00,73.97,70.15,58.69,On
2019-05-28 10:45:00,73.97,70.04,58.69,On
2019-05-28 10:45:00,73.8,70.04,58.69,On
2019-05-28 10:50:00,73.8,70.04,59.16,On
2019-05-28 10:55:00,73.8,70.04,59.69,On
2019-05-28 11:00:00,73.8,70.04,60.43,On
2019-05-28 11:00:00,73.8,70.73,60.43,On
2019-05-28 11:00:00,73.56,70.73,60.43,On
2019-05-28 11:05:00,73.56,70.73,60.57,On
2019-05-28 11:10:00,73.56,70.73,60.97,On
2019-05-28 11:15:00,73.56,70.73,61.46,On
2019-05-28 11:15:00,73.56,70.33,61.46,On
2019-05-28 11:15:00,73.38,70.33,61.46,On
2019-05-28 11:20:00,73.38,70.33,61.97,On
2019-05-28 11:25:00,73.38,70.33,62.57,On
2019-05-28 11:30:00,73.38,70.33,63.07,On
2019-05-28 11:30:00,73.38,70.55,63.07,On
2019-05-28 11:30:00,73.33,70.55,63.07,On
2019-05-28 11:35:00,73.33,70.55,63.31,On
2019-05-28 11:40:00,73.33,70.55,63.27,On
2019-05-28 11:45:00,73.33,70.55,63.07,On
2019-05-28 11:45:00,73.33,70.22,63.07,On
2019-05-28 11:45:00,73.26,70.22,63.07,On
2019-05-28 11:50:00,73.26,70.22,62.94,On
2019-05-28 11:55:00,73.26,70.22,63.07,On
2019-05-28 12:00:00,73.26,70.22,62.94,On
2019-05-28 12:00:00,73.26,70.2,62.94,On
2019-05-28 12:00:00,73.05,70.2,62.94,On
2019-05-28 12:05:00,73.05,70.2,63.28,On
2019-05-28 12:10:00,73.05,70.2,63.62,On
2019-05-28 12:15:00,73.05,70.2,64.02,On
2019-05-28 12:15:00,73.05,70.61,64.02,On
2019-05-28 12:15:00,72.99,70.61,64.02,On
2019-05-28 12:20:00,72.99,70.61,64.21,On
2019-05-28 12:25:00,72.99,70.61,64.37,On
2019-05-28 12:30:00,72.99,70.61,64.72,On
2019-05-28 12:30:00,72.99,70.61,64.72,On
2019-05-28 12:30:00,73.13,70.61,64.72,On
2019-05-28 12:35:00,73.13,70.61,64.8,On
2019-05-28 12:40:00,73.13,70.61,64.6,On
2019-05-28 12:45:00,73.13,70.61,64.49,On
2019-05-28 12:45:00,73.13,70.61,64.49,On
2019-05-28 12:45:00,73.26,70.61,64.49,On
2019-05-28 12:50:00,73.26,70.61,64.36,On
2019-05-28 12:55:00,73.26,70.61,64.31,On
2019-05-28 13:00:00,73.26,70.61,64.55,On
2019-05-28 13:00:00,73.26,70.75,64.55,On
2019-05-28 13:00:00,73.39,70.75,64.55,On
2019-05-28 13:05:00,73.39,70.75,64.55,On
2019-05-28 13:10:00,73.39,70.75,65.0,On
2019-05-28 13:15:00,73.39,70.75,65.44,On
2019-05-28 13:15:00,73.39,70.79,65.44,On
2019-05-28 13:15:00,73.25,70.79,65.44,On
2019-05-28 13:20:00,73.25,70.79,65.94,On
2019-05-28 13:25:00,73.25,70.79,65.98,On
2019-05-28 13:30:00,73.25,70.79,65.97,On
2019-05-28 13:30:00,73.25,72.38,65.97,On
2019-05-28 13:30:00,73.13,72.38,65.97,On
2019-05-28 13:35:00,73.13,72.38,66.18,On
2019-05-28 13:40:00,73.13,72.38,66.3,On
2019-05-28 13:45:00,73.13,72.38,66.6,On
2019-05-28 13:45:00,73.13,72.91,66.6,On
2019-05-28 13:45:00,73.3,72.91,66.6,On
2019-05-28 13:50:00,73.3,72.91,66.65,On
2019-05-28 13:55:00,73.3,72.91,66.95,On
2019-05-28 14:00:00,73.3,72.91,67.11,On
2019-05-28 14:00:00,73.3,73.13,67.11,On
2019-05-28 14:00:00,73.56,73.13,67.11,On
2019-05-28 14:05:00,73.56,73.13,67.28,On
2019-05-28 14:10:00,73.56,73.13,67.36,On
2019-05-28 14:15:00,73.56,73.13,67.57,On
2019-05-28 14:15:00,73.56,73.27,67.57,On
2019-05-28 14:15:00,73.62,73.27,67.57,On
2019-05-28 14:20:00,73.62,73.27,67.75,On
2019-05-28 14:25:00,73.62,73.27,67.9,On
2019-05-28 14:30:00,73.62,73.27,67.88,On
2019-05-28 14:30:00,73.62,73.46,67.88,On
2019-05-28 14:30:00,73.88,73.46,67.88,On
2019-05-28 14:35:00,73.88,73.46,68.25,On
2019-05-28 14:40:00,73.88,73.46,68.48,On
2019-05-28 14:45:00,73.88,73.46,68.35,On
2019-05-28 14:45:00,73.88,73.66,68.35,On
2019-05-28 14:45:00,74.02,73.66,68.35,On
2019-05-28 14:50:00,74.02,73.66,68.43,On
2019-05-28 14:55:00,74.02,73.66,68.85,On
2019-05-28 15:00:00,74.02,73.66,69.2,On
2019-05-28 15:00:00,74.02,73.96,69.2,On
2019-05-28 15:00:00,74.15,73.96,69.2,On
2019-05-28 15:05:00,74.15,73.96,68.96,On
2019-05-28 15:10:00,74.15,73.96,68.77,On
2019-05-28 15:15:00,74.15,73.96,68.88,On
2019-05-28 15:15:00,74.15,73.76,68.88,On
2019-05-28 15:15:00,74.13,73.76,68.88,On
2019-05-28 15:20:00,74.13,73.76,69.18,On
2019-05-28 15:25:00,74.13,73.76,69.65,On
2019-05-28 15:30:00,74.13,73.76,70.05,On
2019-05-28 15:30:00,74.13,73.96,70.05,On
2019-05-28 15:30:00,74.12,73.96,70.05,On
2019-05-28 15:35:00,74.12,73.96,70.42,On
2019-05-28 15:40:00,74.12,73.96,70.47,On
2019-05-28 15:45:00,74.12,73.96,70.61,On
2019-05-28 15:45:00,74.12,74.11,70.61,On
2019-05-28 15:45:00,74.15,74.11,70.61,On
2019-05-28 15:50:00,74.15,74.11,70.61,On
2019-05-28 15:55:00,74.15,74.11,70.63,On
2019-05-28 16:00:00,74.15,74.11,71.04,On
2019-05-28 16:00:00,74.15,74.06,71.04,On
2019-05-28 16:00:00,74.14,74.06,71.04,On
2019-05-28 16:05:00,74.14,74.06,71.19,On
2019-05-28 16:10:00,74.14,74.06,71.19,On
2019-05-28 16:15:00,74.14,74.06,71.13,On
2019-05-28 16:15:00,74.14,74.19,71.13,On
2019-05-28 16:15:00,74.28,74.19,71.13,On
2019-05-28 16:20:00,74.28,74.19,71.02,On
2019-05-28 16:25:00,74.28,74.19,71.14,On
2019-05-28 16:30:00,74.28,74.19,71.64,On
2019-05-28 16:30:00,74.28,74.27,71.64,On
2019-05-28 16:30:00,74.36,74.27,71.64,On
2019-05-28 16:35:00,74.36,74.27,71.77,On
2019-05-28 16:40:00,74.36,74.27,71.85,On
2019-05-28 16:45:00,74.36,74.27,72.32,On
2019-05-28 16:45:00,74.36,74.27,72.32,On
2019-05-28 16:45:00,74.36,74.27,72.32,On
2019-05-28 16:50:00,74.36,74.27,72.56,On
2019-05-28 16:55:00,74.36,74.27,72.71,On
2019-05-28 17:00:00,74.36,74.27,72.68,On
2019-05-28 17:00:00,74.36,74.32,72.68,On
2019-05-28 17:00:00,74.46,74.32,72.68,On
2019-05-28 17:05:00,74.46,74.32,72.31,On
2019-05-28 17:10:00,74.46,74.32,71.92,On
2019-05-28 17:15:00,74.46,74.32,72.14,On
2019-05-28 17:15:00,74.46,74.28,72.14,On
2019-05-28 17:15:00,74.46,74.28,72.14,On
2019-05-28 17:20:00,74.46,74.28,72.2,On
2019-05-28 17:25:00,74.46,74.28,72.37,On
2019-05-28 17:30:00,74.46,74.28,72.52,On
2019-05-28 17:30:00,74.46,74.32,72.52,On
2019-05-28 17:30:00,74.54,74.32,72.52,On
2019-05-28 17:35:00,74.54,74.32,72.7,On
2019-05-28 17:40:00,74.54,74.32,72.84,On
2019-05-28 17:45:00,74.54,74.32,72.64,On
2019-05-28 17:45:00,74.54,74.32,72.64,On
2019-05-28 17:45:00,74.57,74.32,72.64,On
2019-05-28 17:50:00,74.57,74.32,74.64,On
2019-05-28 17:55:00,74.57,74.32,76.72,On
2019-05-28 18:00:00,74.57,74.32,77.99,On
2019-05-28 18:00:00,74.57,74.27,77.99,On
2019-05-28 18:00:00,74.5,74.27,77.99,On
2019-05-28 18:05:00,74.5,74.27,79.13,On
2019-05-28 18:10:00,74.5,74.27,79.69,On
2019-05-28 18:15:00,74.5,74.27,80.34,On
2019-05-28 18:15:00,74.5,74.27,80.34,On
2019-05-28 18:15:00,74.45,74.27,80.34,On
2019-05-28 18:20:00,74.45,74.27,81.28,On
2019-05-28 18:25:00,74.45,74.27,81.8,On
2019-05-28 18:30:00,74.45,74.27,82.31,On
2019-05-28 18:30:00,74.45,74.28,82.31,On
2019-05-28 18:30:00,74.51,74.28,82.31,On
2019-05-28 18:35:00,74.51,74.28,82.5,On
2019-05-28 18:40:00,74.51,74.28,82.47,On
2019-05-28 18:45:00,74.51,74.28,82.64,On
2019-05-28 18:45:00,74.51,74.27,82.64,On
2019-05-28 18:45:00,74.56,74.27,82.64,On
2019-05-28 18:50:00,74.56,74.27,82.83,On
2019-05-28 18:55:00,74.56,74.27,83.25,On
2019-05-28 19:00:00,74.56,74.27,83.59,On
2019-05-28 19:00:00,74.56,74.13,83.59,On
2019-05-28 19:00:00,74.32,74.13,83.59,On
2019-05-28 19:05:00,74.32,74.13,83.72,On
2019-05-28 19:10:00,74.32,74.13,84.12,On
2019-05-28 19:15:00,74.32,74.13,84.46,On
2019-05-28 19:15:00,74.32,73.96,84.46,On
2019-05-28 19:15:00,74.15,73.96,84.46,On
2019-05-28 19:20:00,74.15,73.96,83.89,On
2019-05-28 19:25:00,74.15,73.96,83.95,On
2019-05-28 19:30:00,74.15,73.96,83.85,On
2019-05-28 19:30:00,74.15,73.91,83.85,On
2019-05-28 19:30:00,74.13,73.91,83.85,On
2019-05-28 19:35:00,74.13,73.91,83.35,On
2019-05-28 19:40:00,74.13,73.91,83.62,On
2019-05-28 19:45:00,74.13,73.91,83.78,On
2019-05-28 19:45:00,74.13,73.73,83.78,On
2019-05-28 19:45:00,74.17,73.73,83.78,On
2019-05-28 19:50:00,74.17,73.73,82.31,On
2019-05-28 19:55:00,74.17,73.73,81.23,On
2019-05-28 20:00:00,74.17,73.73,81.34,On
2019-05-28 20:00:00,74.17,73.62,81.34,On
2019-05-28 20:00:00,74.09,73.62,81.34,On
2019-05-28 20:05:00,74.09,73.62,81.47,On
2019-05-28 20:10:00,74.09,73.62,81.78,On
2019-05-28 20:15:00,74.09,73.62,81.98,On
2019-05-28 20:15:00,74.09,73.63,81.98,On
2019-05-28 20:15:00,74.14,73.63,81.98,On
2019-05-28 20:20:00,74.14,73.63,81.86,On
2019-05-28 20:25:00,74.14,73.63,80.47,On
2019-05-28 20:30:00,74.14,73.63,79.49,On
2019-05-28 20:30:00,74.14,73.42,79.49,On
2019-05-28 20:30:00,74.02,73.42,79.49,On
2019-05-28 20:35:00,74.02,73.42,78.43,On
2019-05-28 20:40:00,74.02,73.42,76.88,On
2019-05-28 20:45:00,74.02,73.42,75.37,On
2019-05-28 20:45:00,74.02,73.2,75.37,On
2019-05-28 20:45:00,73.91,73.2,75.37,On
2019-05-28 20:50:00,73.91,73.2,74.27,On
2019-05-28 20:55:00,73.91,73.2,73.35,On
2019-05-28 21:00:00,73.91,73.2,72.65,On
2019-05-28 21:00:00,73.91,73.03,72.65,On
2019-05-28 21:00:00,73.88,73.03,72.65,On
2019-05-29 02:08:00,67.54,67.44,53.33,On
2019-05-29 02:10:00,67.54,67.44,53.21,On
2019-05-29 02:15:00,67.54,67.44,53.16,On
2019-05-29 02:15:00,67.54,70.83,53.16,On
2019-05-29 02:15:00,72.78,70.83,53.16,On
2019-05-29 02:20:00,72.78,70.83,52.95,On
2019-05-29 02:25:00,72.78,70.83,52.72,On
2019-05-29 02:30:00,72.78,70.83,52.59,On
2019-05-29 02:30:00,72.78,72.73,52.59,On
2019-05-29 02:30:00,74.64,72.73,52.59,On
2019-05-29 04:00:00,74.73,78.11,52.16,On
2019-05-29 04:05:00,74.73,78.11,52.17,On
2019-05-29 04:10:00,74.73,78.11,52.64,On
2019-05-29 04:15:00,74.73,78.11,52.88,On
2019-05-29 04:15:00,74.73,72.21,52.88,On
2019-05-29 04:15:00,74.0,72.21,52.88,On
2019-05-29 04:20:00,74.0,72.21,52.96,On
2019-05-29 04:25:00,74.0,72.21,52.95,On
2019-05-29 04:30:00,74.0,72.21,52.82,On
2019-05-29 04:30:00,74.0,73.66,52.82,On
2019-05-29 04:30:00,75.55,73.66,52.82,On
2019-05-29 04:35:00,75.55,73.66,52.73,On
2019-05-29 04:40:00,75.55,73.66,52.67,On
2019-05-29 04:45:00,75.55,73.66,52.77,On
2019-05-29 04:45:00,75.55,71.74,52.77,On
2019-05-29 04:45:00,76.41,71.74,52.77,On
2019-05-29 04:50:00,76.41,71.74,52.64,On
2019-05-29 04:55:00,76.41,71.74,52.61,On
2019-05-29 05:00:00,76.41,71.74,52.5,On
2019-05-29 05:00:00,76.41,70.9,52.5,On
2019-05-29 05:00:00,76.94,70.9,52.5,On
2019-05-29 05:05:00,76.94,70.9,52.36,On
2019-05-29 05:10:00,76.94,70.9,52.3,On
2019-05-29 05:15:00,76.94,70.9,52.17,On
2019-05-29 05:15:00,76.94,70.77,52.17,On
2019-05-29 05:15:00,77.37,70.77,52.17,On
2019-05-29 05:20:00,77.37,70.77,52.04,On
2019-05-29 05:25:00,77.37,70.77,52.0,On
2019-05-29 05:30:00,77.37,70.77,52.28,On
2019-05-29 05:30:00,77.37,70.79,52.28,On
2019-05-29 05:30:00,77.81,70.79,52.28,On
2019-05-29 05:35:00,77.81,70.79,52.34,On
2019-05-29 05:40:00,77.81,70.79,52.48,On
2019-05-29 05:45:00,77.81,70.79,52.48,On
2019-05-29 05:45:00,77.81,69.29,52.48,On
2019-05-29 05:45:00,78.16,69.29,52.48,On
2019-05-29 05:50:00,78.16,69.29,52.56,On
2019-05-29 05:55:00,78.16,69.29,52.55,On
2019-05-29 06:00:00,78.16,69.29,52.64,On
2019-05-29 06:00:00,78.16,65.5,52.64,On
2019-05-29 06:00:00,77.85,65.5,52.64,On
2019-05-29 06:05:00,77.85,65.5,52.96,On
2019-05-29 06:10:00,77.85,65.5,53.12,On
2019-05-29 06:15:00,77.85,65.5,54.11,On
2019-05-29 06:15:00,77.85,67.78,54.11,On
2019-05-29 06:15:00,76.36,67.78,54.11,On
2019-05-29 06:20:00,76.36,67.78,55.23,On
2019-05-29 06:25:00,76.36,67.78,55.98,On
2019-05-29 06:30:00,76.36,67.78,56.11,On
2019-05-29 06:30:00,76.36,59.67,56.11,On
2019-05-29 06:30:00,76.31,59.67,56.11,On
2019-05-29 06:35:00,76.31,59.67,56.77,On
2019-05-29 06:40:00,76.31,59.67,57.66,On
2019-05-29 06:45:00,76.31,59.67,58.4,On
2019-05-29 06:45:00,76.31,67.96,58.4,On
2019-05-29 06:45:00,75.31,67.96,58.4,On
2019-05-29 06:50:00,75.31,67.96,58.99,On
2019-05-29 06:55:00,75.31,67.96,59.6,On
2019-05-29 07:00:00,75.31,67.96,60.31,On
2019-05-29 07:00:00,75.31,68.13,60.31,On
2019-05-29 07:00:00,74.66,68.13,60.31,On
2019-05-29 07:05:00,74.66,68.13,61.0,On
2019-05-29 07:10:00,74.66,68.13,61.73,On
2019-05-29 07:15:00,74.66,68.13,62.36,On
2019-05-29 07:15:00,74.66,68.66,62.36,On
2019-05-29 07:15:00,74.38,68.66,62.36,On
2019-05-29 07:20:00,74.38,68.66,62.6,On
2019-05-29 07:25:00,74.38,68.66,63.01,On
2019-05-29 07:30:00,74.38,68.66,63.46,On
2019-05-29 07:30:00,74.38,69.16,63.46,On
2019-05-29 07:30:00,73.99,69.16,63.46,On
2019-05-29 07:35:00,73.99,69.16,64.18,On
2019-05-29 07:40:00,73.99,69.16,65.06,On
2019-05-29 07:45:00,73.99,69.16,65.61,On
2019-05-29 07:45:00,73.99,69.55,65.61,On
2019-05-29 07:45:00,73.62,69.55,65.61,On
2019-05-29 07:50:00,73.62,69.55,65.85,On
2019-05-29 07:55:00,73.62,69.55,66.16,On
2019-05-29 08:00:00,73.62,69.55,66.39,On
2019-05-29 08:00:00,73.62,72.38,66.39,On
2019-05-29 08:00:00,73.48,72.38,66.39,On
2019-05-29 08:05:00,73.48,72.38,66.77,On
2019-05-29 08:10:00,73.48,72.38,67.03,On
2019-05-29 08:15:00,73.48,72.38,67.72,On
2019-05-29 08:15:00,73.48,72.38,67.72,On
2019-05-29 08:15:00,73.33,72.38,67.72,On
2019-05-29 08:20:00,73.33,72.38,68.08,On
2019-05-29 08:25:00,73.33,72.38,68.43,On
2019-05-29 08:30:00,73.33,72.38,68.94,On
2019-05-29 08:30:00,73.33,72.56,68.94,On
2019-05-29 08:30:00,73.26,72.56,68.94,On
2019-05-29 08:35:00,73.26,72.56,69.3,On
2019-05-29 08:40:00,73.26,72.56,69.22,On
2019-05-29 08:45:00,73.26,72.56,68.22,On
2019-05-29 08:45:00,73.26,72.51,68.22,On
2019-05-29 08:45:00,73.25,72.51,68.22,On
2019-05-29 08:50:00,73.25,72.51,67.06,On
2019-05-29 08:55:00,73.25,72.51,66.51,On
2019-05-29 09:00:00,73.25,72.51,66.4,On
2019-05-29 09:00:00,73.25,72.56,66.4,On
2019-05-29 09:00:00,73.25,72.56,66.4,On
2019-05-29 09:05:00,73.25,72.56,66.52,On
2019-05-29 09:10:00,73.25,72.56,66.76,On
2019-05-29 09:15:00,73.25,72.56,66.89,On
2019-05-29 09:15:00,73.25,72.58,66.89,On
2019-05-29 09:15:00,73.03,72.58,66.89,On
2019-05-29 09:20:00,73.03,72.58,67.08,On
2019-05-29 09:25:00,73.03,72.58,67.04,On
2019-05-29 09:30:00,73.03,72.58,67.2,On
2019-05-29 09:30:00,73.03,72.56,67.2,On
2019-05-29 09:30:00,73.09,72.56,67.2,On
2019-05-29 09:35:00,73.09,72.56,67.47,On
2019-05-29 09:40:00,73.09,72.56,67.77,On
2019-05-29 09:45:00,73.09,72.56,67.98,On
2019-05-29 09:45:00,73.09,72.58,67.98,On
2019-05-29 09:45:00,73.09,72.58,67.98,On
2019-05-29 09:50:00,73.09,72.58,68.25,On
2019-05-29 09:55:00,73.09,72.58,68.51,On
2019-05-29 10:00:00,73.09,72.58,68.99,On
2019-05-29 10:00:00,73.09,72.91,68.99,On
2019-05-29 10:00:00,73.26,72.91,68.99,On
2019-05-29 10:05:00,73.26,72.91,69.31,On
2019-05-29 10:10:00,73.26,72.91,69.72,On
2019-05-29 10:15:00,73.26,72.91,69.99,On
2019-05-29 10:15:00,73.26,73.13,69.99,On
2019-05-29 10:15:00,73.38,73.13,69.99,On
2019-05-29 10:20:00,73.38,73.13,70.33,On
2019-05-29 10:25:00,73.38,73.13,70.61,On
2019-05-29 10:30:00,73.38,73.13,70.91,On
2019-05-29 10:30:00,73.38,73.42,70.91,On
2019-05-29 10:30:00,73.49,73.42,70.91,On
2019-05-29 10:35:00,73.49,73.42,71.31,On
2019-05-29 10:40:00,73.49,73.42,71.5,On
2019-05-29 10:45:00,73.49,73.42,71.63,On
2019-05-29 10:45:00,73.49,73.56,71.63,On
2019-05-29 10:45:00,73.66,73.56,71.63,On
2019-05-29 10:50:00,73.66,73.56,72.07,On
2019-05-29 10:55:00,73.66,73.56,72.42,On
2019-05-29 11:00:00,73.66,73.56,72.73,On
2019-05-29 11:00:00,73.66,73.84,72.73,On
2019-05-29 11:00:00,73.77,73.84,72.73,On
2019-05-29 11:05:00,73.77,73.84,72.89,On
2019-05-29 11:10:00,73.77,73.84,72.98,On
2019-05-29 11:15:00,73.77,73.84,73.48,On
2019-05-29 11:15:00,73.77,73.85,73.48,On
2019-05-29 11:15:00,73.81,73.85,73.48,On
2019-05-29 11:20:00,73.81,73.85,73.57,On
2019-05-29 11:25:00,73.81,73.85,73.72,On
2019-05-29 11:30:00,73.81,73.85,74.09,On
2019-05-29 11:30:00,73.81,73.84,74.09,On
2019-05-29 11:30:00,73.62,73.84,74.09,On
2019-05-29 11:35:00,73.62,73.84,74.4,On
2019-05-29 11:40:00,73.62,73.84,74.61,On
2019-05-29 11:45:00,73.62,73.84,74.53,On
2019-05-29 11:45:00,73.62,73.73,74.53,On
2019-05-29 11:45:00,73.62,73.73,74.53,On
2019-05-29 11:50:00,73.62,73.73,74.59,On
2019-05-29 11:55:00,73.62,73.73,74.78,On
2019-05-29 12:00:00,73.62,73.73,75.21,On
2019-05-29 12:00:00,73.62,73.84,75.21,On
2019-05-29 12:00:00,73.62,73.84,75.21,On
2019-05-29 12:05:00,73.62,73.84,75.49,On
2019-05-29 12:10:00,73.62,73.84,75.68,On
2019-05-29 12:15:00,73.62,73.84,76.14,On
2019-05-29 12:15:00,73.62,73.84,76.14,On
2019-05-29 12:15:00,73.56,73.84,76.14,On
2019-05-29 12:20:00,73.56,73.84,76.2,On
2019-05-29 12:25:00,73.56,73.84,76.35,On
2019-05-29 12:30:00,73.56,73.84,76.22,On
2019-05-29 12:30:00,73.56,73.96,76.22,On
2019-05-29 12:30:00,73.85,73.96,76.22,On
2019-05-29 12:35:00,73.85,73.96,76.33,On
2019-05-29 12:40:00,73.85,73.96,76.67,On
2019-05-29 12:45:00,73.85,73.96,76.84,On
2019-05-29 12:45:00,73.85,74.09,76.84,On
2019-05-29 12:45:00,73.77,74.09,76.84,On
2019-05-29 12:50:00,73.77,74.09,76.98,On
2019-05-29 12:55:00,73.77,74.09,77.32,On
2019-05-29 13:00:00,73.77,74.09,77.31,On
2019-05-29 13:00:00,73.77,73.96,77.31,On
2019-05-29 13:00:00,73.7,73.96,77.31,On
2019-05-29 13:05:00,73.7,73.96,77.33,On
2019-05-29 13:10:00,73.7,73.96,77.55,On
2019-05-29 13:15:00,73.7,73.96,77.37,On
2019-05-29 13:15:00,73.7,73.91,77.37,On
2019-05-29 13:15:00,73.54,73.91,77.37,On
2019-05-29 13:20:00,73.54,73.91,77.6,On
2019-05-29 13:25:00,73.54,73.91,77.7,On
2019-05-29 13:30:00,73.54,73.91,77.8,On
2019-05-29 13:30:00,73.54,73.91,77.8,On
2019-05-29 13:30:00,73.56,73.91,77.8,On
2019-05-29 13:35:00,73.56,73.91,78.07,On
2019-05-29 13:40:00,73.56,73.91,78.25,On
2019-05-29 13:45:00,73.56,73.91,78.31,On
2019-05-29 13:45:00,73.56,73.91,78.31,On
2019-05-29 13:45:00,73.5,73.91,78.31,On
2019-05-29 13:50:00,73.5,73.91,78.49,On
2019-05-29 13:55:00,73.5,73.91,78.48,On
2019-05-29 14:00:00,73.5,73.91,78.84,On
2019-05-29 14:00:00,73.5,74.15,78.84,On
2019-05-29 14:00:00,73.74,74.15,78.84,On
2019-05-29 14:05:00,73.74,74.15,79.05,On
2019-05-29 14:10:00,73.74,74.15,79.19,On
2019-05-29 14:15:00,73.74,74.15,79.2,On
2019-05-29 14:15:00,73.74,74.13,79.2,On
2019-05-29 14:15:00,73.79,74.13,79.2,On
2019-05-29 14:20:00,73.79,74.13,79.43,On
2019-05-29 14:25:00,73.79,74.13,79.51,On
2019-05-29 14:30:00,73.79,74.13,79.88,On
2019-05-29 14:30:00,73.79,74.44,79.88,On
2019-05-29 14:30:00,73.96,74.44,79.88,On
2019-05-29 14:35:00,73.96,74.44,80.0,On
2019-05-29 14:40:00,73.96,74.44,80.15,On
2019-05-29 14:45:00,73.96,74.44,80.11,On
2019-05-29 14:45:00,73.96,74.44,80.11,On
2019-05-29 14:45:00,74.02,74.44,80.11,On
2019-05-29 14:50:00,74.02,74.44,79.85,On
2019-05-29 14:55:00,74.02,74.44,80.23,On
2019-05-29 15:00:00,74.02,74.44,80.6,On
2019-05-29 15:00:00,74.02,74.66,80.6,On
2019-05-29 15:00:00,74.14,74.66,80.6,On
2019-05-29 15:05:00,74.14,74.66,80.77,On
2019-05-29 15:10:00,74.14,74.66,80.84,On
2019-05-29 15:15:00,74.14,74.66,80.79,On
2019-05-29 15:15:00,74.14,74.61,80.79,On
2019-05-29 15:15:00,74.13,74.61,80.79,On
2019-05-29 15:20:00,74.13,74.61,81.16,On
2019-05-29 15:25:00,74.13,74.61,81.26,On
2019-05-29 15:30:00,74.13,74.61,81.03,On
2019-05-29 15:30:00,74.13,74.63,81.03,On
2019-05-29 15:30:00,74.19,74.63,81.03,On
2019-05-29 15:35:00,74.19,74.63,80.97,On
2019-05-29 15:40:00,74.19,74.63,80.98,On
2019-05-29 15:45:00,74.19,74.63,80.87,On
2019-05-29 15:45:00,74.19,74.61,80.87,On
2019-05-29 15:45:00,74.24,74.61,80.87,On
2019-05-29 15:50:00,74.24,74.61,80.91,On
2019-05-29 15:55:00,74.24,74.61,80.68,On
2019-05-29 16:00:00,74.24,74.61,80.96,On
2019-05-29 16:00:00,74.24,74.61,80.96,On
2019-05-29 16:00:00,74.27,74.61,80.96,On
2019-05-29 16:05:00,74.27,74.61,81.11,On
2019-05-29 16:10:00,74.27,74.61,81.31,On
2019-05-29 16:15:00,74.27,74.61,81.65,On
2019-05-29 16:15:00,74.27,74.6,81.65,On
2019-05-29 16:15:00,74.13,74.6,81.65,On
2019-05-29 16:20:00,74.13,74.6,81.86,On
2019-05-29 16:25:00,74.13,74.6,81.75,On
2019-05-29 16:30:00,74.13,74.6,81.72,On
2019-05-29 16:30:00,74.13,74.67,81.72,On
2019-05-29 16:30:00,74.27,74.67,81.72,On
2019-05-29 16:35:00,74.27,74.67,81.99,On
2019-05-29 16:40:00,74.27,74.67,81.99,On
2019-05-29 16:45:00,74.27,74.67,81.68,On
2019-05-29 16:45:00,74.27,74.96,81.68,On
2019-05-29 16:45:00,74.64,74.96,81.68,On
2019-05-29 16:50:00,74.64,74.96,81.8,On
2019-05-29 16:55:00,74.64,74.96,81.9,On
2019-05-29 17:00:00,74.64,74.96,82.13,On
2019-05-29 17:00:00,74.64,75.19,82.13,On
2019-05-29 17:00:00,74.86,75.19,82.13,On
2019-05-29 17:05:00,74.86,75.19,81.87,On
2019-05-29 17:10:00,74.86,75.19,81.82,On
2019-05-29 17:15:00,74.86,75.19,82.14,On
2019-05-29 17:15:00,74.86,75.33,82.14,On
2019-05-29 17:15:00,74.85,75.33,82.14,On
2019-05-29 17:20:00,74.85,75.33,81.87,On
2019-05-29 17:25:00,74.85,75.33,81.68,On
2019-05-29 17:30:00,74.85,75.33,81.52,On
2019-05-29 17:30:00,74.85,75.31,81.52,On
2019-05-29 17:30:00,74.88,75.31,81.52,On
2019-05-29 17:35:00,74.88,75.31,81.61,On
2019-05-29 17:40:00,74.88,75.31,81.58,On
2019-05-29 17:45:00,74.88,75.31,81.43,On
2019-05-29 17:45:00,74.88,75.24,81.43,On
2019-05-29 17:45:00,74.92,75.24,81.43,On
2019-05-29 17:50:00,74.92,75.24,82.83,On
2019-05-29 17:55:00,74.92,75.24,84.37,On
2019-05-29 18:00:00,74.92,75.24,85.24,On
2019-05-29 18:00:00,74.92,75.33,85.24,On
2019-05-29 18:00:00,75.02,75.33,85.24,On
2019-05-29 18:05:00,75.02,75.33,85.29,On
2019-05-29 18:10:00,75.02,75.33,85.45,On
2019-05-29 18:15:00,75.02,75.33,85.45,On
2019-05-29 18:15:00,75.02,75.4,85.45,On
2019-05-29 18:15:00,75.09,75.4,85.45,On
2019-05-29 18:20:00,75.09,75.4,85.77,On
2019-05-29 18:25:00,75.09,75.4,85.57,On
2019-05-29 18:30:00,75.09,75.4,85.33,On
2019-05-29 18:30:00,75.09,75.39,85.33,On
2019-05-29 18:30:00,75.19,75.39,85.33,On
2019-05-29 18:35:00,75.19,75.39,85.72,On
2019-05-29 18:40:00,75.19,75.39,85.3,On
2019-05-29 18:45:00,75.19,75.39,85.01,On
2019-05-29 18:45:00,75.19,75.31,85.01,On
2019-05-29 18:45:00,75.13,75.31,85.01,On
2019-05-29 18:50:00,75.13,75.31,84.9,On
2019-05-29 18:55:00,75.13,75.31,85.64,On
2019-05-29 19:00:00,75.13,75.31,85.49,On
2019-05-29 19:00:00,75.13,75.3,85.49,On
2019-05-29 19:00:00,75.09,75.3,85.49,On
2019-05-29 19:05:00,75.09,75.3,85.78,On
2019-05-29 19:10:00,75.09,75.3,85.6,On
2019-05-29 19:15:00,75.09,75.3,85.54,On
2019-05-29 19:15:00,75.09,75.22,85.54,On
2019-05-29 19:15:00,75.01,75.22,85.54,On
2019-05-29 19:20:00,75.01,75.22,85.78,On
2019-05-29 19:25:00,75.01,75.22,85.38,On
2019-05-29 19:30:00,75.01,75.22,84.91,On
2019-05-29 19:30:00,75.01,75.14,84.91,On
2019-05-29 19:30:00,74.96,75.14,84.91,On
2019-05-29 19:35:00,74.96,75.14,84.21,On
2019-05-29 19:40:00,74.96,75.14,84.22,On
2019-05-29 19:45:00,74.96,75.14,84.36,On
2019-05-29 19:45:00,74.96,74.96,84.36,On
2019-05-29 19:45:00,75.02,74.96,84.36,On
2019-05-29 19:50:00,75.02,74.96,84.7,On
2019-05-29 19:55:00,75.02,74.96,84.45,On
2019-05-29 20:00:00,75.02,74.96,83.95,On
2019-05-29 20:00:00,75.02,74.79,83.95,On
2019-05-29 20:00:00,74.8,74.79,83.95,On
2019-05-29 20:05:00,74.8,74.79,83.7,On
2019-05-29 20:10:00,74.8,74.79,83.55,On
2019-05-29 20:15:00,74.8,74.79,83.07,On
2019-05-29 20:15:00,74.8,74.61,83.07,On
2019-05-29 20:15:00,74.79,74.61,83.07,On
2019-05-29 20:20:00,74.79,74.61,82.5,On
2019-05-29 20:25:00,74.79,74.61,81.67,On
2019-05-29 20:30:00,74.79,74.61,80.77,On
2019-05-29 20:30:00,74.79,74.45,80.77,On
2019-05-29 20:30:00,74.7,74.45,80.77,On
2019-05-29 20:35:00,74.7,74.45,79.78,On
2019-05-29 20:40:00,74.7,74.45,78.85,On
2019-05-29 20:45:00,74.7,74.45,78.15,On
2019-05-29 20:45:00,74.7,74.4,78.15,On
2019-05-29 20:45:00,74.64,74.4,78.15,On
2019-05-29 20:50:00,74.64,74.4,77.46,On
2019-05-29 20:55:00,74.64,74.4,76.88,On
2019-05-29 21:00:00,74.64,74.4,76.44,On
2019-05-29 21:00:00,74.64,74.27,76.44,On
2019-05-29 21:00:00,74.67,74.27,76.44,On
2019-05-30 04:30:00,71.79,67.63,56.38,On
2019-05-30 04:35:00,71.79,67.63,56.3,On
2019-05-30 04:40:00,71.79,67.63,56.1,On
2019-05-30 04:45:00,71.79,67.63,55.61,On
2019-05-30 04:45:00,71.79,70.9,55.61,On
2019-05-30 04:45:00,72.36,70.9,55.61,On
2019-05-30 04:50:00,72.36,70.9,55.35,On
2019-05-30 04:55:00,72.36,70.9,54.99,On
2019-05-30 05:00:00,72.36,70.9,54.88,On
2019-05-30 05:00:00,72.36,70.86,54.88,On
2019-05-30 05:00:00,72.31,70.86,54.88,On
2019-05-30 05:05:00,72.31,70.86,54.84,On
2019-05-30 05:10:00,72.31,70.86,54.83,On
2019-05-30 05:15:00,72.31,70.86,54.76,On
2019-05-30 05:15:00,72.31,70.2,54.76,On
2019-05-30 05:15:00,72.17,70.2,54.76,On
2019-05-30 05:20:00,72.17,70.2,54.81,On
2019-05-30 05:25:00,72.17,70.2,54.82,On
2019-05-30 05:30:00,72.17,70.2,54.74,On
2019-05-30 05:30:00,72.17,69.97,54.74,On
2019-05-30 05:30:00,72.25,69.97,54.74,On
2019-05-30 05:35:00,72.25,69.97,54.65,On
2019-05-30 05:40:00,72.25,69.97,54.76,On
2019-05-30 05:45:00,72.25,69.97,54.75,On
2019-05-30 05:45:00,72.25,69.94,54.75,On
2019-05-30 05:45:00,72.19,69.94,54.75,On
2019-05-30 05:50:00,72.19,69.94,54.8,On
2019-05-30 05:55:00,72.19,69.94,54.84,On
2019-05-30 06:00:00,72.19,69.94,55.0,On
2019-05-30 06:00:00,72.19,69.95,55.0,On
2019-05-30 06:00:00,72.2,69.95,55.0,On
2019-05-30 06:05:00,72.2,69.95,55.15,On
2019-05-30 06:10:00,72.2,69.95,55.34,On
2019-05-30 06:15:00,72.2,69.95,55.54,On
2019-05-30 06:15:00,72.2,69.95,55.54,On
2019-05-30 06:15:00,72.2,69.95,55.54,On
2019-05-30 06:20:00,72.2,69.95,55.82,On
2019-05-30 06:25:00,72.2,69.95,56.12,On
2019-05-30 06:30:00,72.2,69.95,56.43,On
2019-05-30 06:30:00,72.2,70.08,56.43,On
2019-05-30 06:30:00,72.2,70.08,56.43,On
2019-05-30 06:35:00,72.2,70.08,56.84,On
2019-05-30 06:40:00,72.2,70.08,57.34,On
2019-05-30 06:45:00,72.2,70.08,57.75,On
2019-05-30 06:45:00,72.2,70.2,57.75,On
2019-05-30 06:45:00,72.16,70.2,57.75,On
2019-05-30 06:50:00,72.16,70.2,58.04,On
2019-05-30 06:55:00,72.16,70.2,58.46,On
2019-05-30 07:00:00,72.16,70.2,58.98,On
2019-05-30 07:00:00,72.16,70.2,58.98,On
2019-05-30 07:00:00,71.96,70.2,58.98,On
2019-05-30 07:05:00,71.96,70.2,59.74,On
2019-05-30 07:10:00,71.96,70.2,60.62,On
2019-05-30 07:15:00,71.96,70.2,61.01,On
2019-05-30 07:15:00,71.96,70.19,61.01,On
2019-05-30 07:15:00,71.61,70.19,61.01,On
2019-05-30 07:20:00,71.61,70.19,62.24,On
2019-05-30 07:25:00,71.61,70.19,63.06,On
2019-05-30 07:30:00,71.61,70.19,63.61,On
2019-05-30 07:30:00,71.61,69.49,63.61,On
2019-05-30 07:30:00,71.43,69.49,63.61,On
2019-05-30 07:35:00,71.43,69.49,63.53,On
2019-05-30 07:40:00,71.43,69.49,63.6,On
2019-05-30 07:45:00,71.43,69.49,64.0,On
2019-05-30 07:45:00,71.43,69.55,64.0,On
2019-05-30 07:45:00,71.45,69.55,64.0,On
2019-05-30 07:50:00,71.45,69.55,64.62,On
2019-05-30 07:55:00,71.45,69.55,65.43,On
2019-05-30 08:00:00,71.45,69.55,65.97,On
2019-05-30 08:00:00,71.45,69.73,65.97,On
2019-05-30 08:00:00,71.38,69.73,65.97,On
2019-05-30 08:05:00,71.38,69.73,65.95,On
2019-05-30 08:10:00,71.38,69.73,65.7,On
2019-05-30 08:15:00,71.38,69.73,65.51,On
2019-05-30 08:15:00,71.38,70.57,65.51,On
2019-05-30 08:15:00,71.26,70.57,65.51,On
2019-05-30 08:20:00,71.26,70.57,65.26,On
2019-05-30 08:25:00,71.26,70.57,65.19,On
2019-05-30 08:30:00,71.26,70.57,65.13,On
2019-05-30 08:30:00,71.26,70.62,65.13,On
2019-05-30 08:30:00,71.32,70.62,65.13,On
2019-05-30 08:35:00,71.32,70.62,65.26,On
2019-05-30 08:40:00,71.32,70.62,65.61,On
2019-05-30 08:45:00,71.32,70.62,66.02,On
2019-05-30 08:45:00,71.32,70.63,66.02,On
2019-05-30 08:45:00,71.19,70.63,66.02,On
2019-05-30 08:50:00,71.19,70.63,66.67,On
2019-05-30 08:55:00,71.19,70.63,67.43,On
2019-05-30 09:00:00,71.19,70.63,68.09,On
2019-05-30 09:00:00,71.19,70.96,68.09,On
2019-05-30 09:00:00,71.45,70.96,68.09,On
2019-05-30 09:05:00,71.45,70.96,69.21,On
2019-05-30 09:10:00,71.45,70.96,69.71,On
2019-05-30 09:15:00,71.45,70.96,70.02,On
2019-05-30 09:15:00,71.45,71.32,70.02,On
2019-05-30 09:15:00,71.48,71.32,70.02,On
2019-05-30 09:20:00,71.48,71.32,70.22,On
2019-05-30 09:25:00,71.48,71.32,70.79,On
2019-05-30 09:30:00,71.48,71.32,71.3,On
2019-05-30 09:30:00,71.48,71.34,71.3,On
2019-05-30 09:30:00,71.5,71.34,71.3,On
2019-05-30 09:35:00,71.5,71.34,71.22,On
2019-05-30 09:40:00,71.5,71.34,71.13,On
2019-05-30 09:45:00,71.5,71.34,70.9,On
2019-05-30 09:45:00,71.5,71.34,70.9,On
2019-05-30 09:45:00,71.48,71.34,70.9,On
2019-05-30 09:50:00,71.48,71.34,71.19,On
2019-05-30 09:55:00,71.48,71.34,71.55,On
2019-05-30 10:00:00,71.48,71.34,71.5,On
2019-05-30 10:00:00,71.48,71.34,71.5,On
2019-05-30 10:00:00,71.32,71.34,71.5,On
2019-05-30 10:05:00,71.32,71.34,71.32,On
2019-05-30 10:10:00,71.32,71.34,70.33,On
2019-05-30 10:15:00,71.32,71.34,69.54,On
2019-05-30 10:15:00,71.32,71.04,69.54,On
2019-05-30 10:15:00,71.43,71.04,69.54,On
2019-05-30 10:20:00,71.43,71.04,69.5,On
2019-05-30 10:25:00,71.43,71.04,69.59,On
2019-05-30 10:30:00,71.43,71.04,69.66,On
2019-05-30 10:30:00,71.43,70.96,69.66,On
2019-05-30 10:30:00,71.43,70.96,69.66,On
2019-05-30 10:35:00,71.43,70.96,69.49,On
2019-05-30 10:40:00,71.43,70.96,68.97,On
2019-05-30 10:45:00,71.43,70.96,68.43,On
2019-05-30 10:45:00,71.43,71.07,68.43,On
2019-05-30 10:45:00,71.59,71.07,68.43,On
2019-05-30 10:50:00,71.59,71.07,67.98,On
2019-05-30 10:55:00,71.59,71.07,67.62,On
2019-05-30 11:00:00,71.59,71.07,67.01,On
2019-05-30 11:00:00,71.59,71.06,67.01,On
2019-05-30 11:00:00,71.61,71.06,67.01,On
2019-05-30 11:05:00,71.61,71.06,66.3,On
2019-05-30 11:10:00,71.61,71.06,66.23,On
2019-05-30 11:15:00,71.61,71.06,66.44,On
2019-05-30 11:15:00,71.61,70.9,66.44,On
2019-05-30 11:15:00,71.5,70.9,66.44,On
2019-05-30 11:20:00,71.5,70.9,66.73,On
2019-05-30 11:25:00,71.5,70.9,67.56,On
2019-05-30 11:30:00,71.5,70.9,68.56,On
2019-05-30 11:30:00,71.5,71.15,68.56,On
2019-05-30 11:30:00,71.62,71.15,68.56,On
2019-05-30 11:35:00,71.62,71.15,68.67,On
2019-05-30 11:40:00,71.62,71.15,68.41,On
2019-05-30 11:45:00,71.62,71.15,68.81,On
2019-05-30 11:45:00,71.62,71.19,68.81,On
2019-05-30 11:45:00,71.64,71.19,68.81,On
2019-05-30 11:50:00,71.64,71.19,69.08,On
2019-05-30 11:55:00,71.64,71.19,69.66,On
2019-05-30 12:00:00,71.64,71.19,69.86,On
2019-05-30 12:00:00,71.64,71.32,69.86,On
2019-05-30 12:00:00,71.66,71.32,69.86,On
2019-05-30 12:05:00,71.66,71.32,69.54,On
2019-05-30 12:10:00,71.66,71.32,69.85,On
2019-05-30 12:15:00,71.66,71.32,70.37,On
2019-05-30 12:15:00,71.66,71.32,70.37,On
2019-05-30 12:15:00,71.67,71.32,70.37,On
2019-05-30 12:20:00,71.67,71.32,70.26,On
2019-05-30 12:25:00,71.67,71.32,69.86,On
2019-05-30 12:30:00,71.67,71.32,70.21,On
2019-05-30 12:30:00,71.67,71.66,70.21,On
2019-05-30 12:30:00,72.0,71.66,70.21,On
2019-05-30 12:35:00,72.0,71.66,70.9,On
2019-05-30 12:40:00,72.0,71.66,70.92,On
2019-05-30 12:45:00,72.0,71.66,70.99,On
2019-05-30 12:45:00,72.0,71.67,70.99,On
2019-05-30 12:45:00,72.05,71.67,70.99,On
2019-05-30 12:50:00,72.05,71.67,70.77,On
2019-05-30 12:55:00,72.05,71.67,70.48,On
2019-05-30 13:00:00,72.05,71.67,70.19,On
2019-05-30 13:00:00,72.05,71.85,70.19,On
2019-05-30 13:00:00,72.29,71.85,70.19,On
2019-05-30 13:05:00,72.29,71.85,69.3,On
2019-05-30 13:10:00,72.29,71.85,69.3,On
2019-05-30 13:15:00,72.29,71.85,69.33,On
2019-05-30 13:15:00,72.29,71.85,69.33,On
2019-05-30 13:15:00,72.38,71.85,69.33,On
2019-05-30 13:20:00,72.38,71.85,68.49,On
2019-05-30 13:25:00,72.38,71.85,68.57,On
2019-05-30 13:30:00,72.38,71.85,68.2,On
2019-05-30 13:30:00,72.38,71.96,68.2,On
2019-05-30 13:30:00,72.48,71.96,68.2,On
2019-05-30 13:35:00,72.48,71.96,67.81,On
2019-05-30 13:40:00,72.48,71.96,67.78,On
2019-05-30 13:45:00,72.48,71.96,67.96,On
2019-05-30 13:45:00,72.48,71.88,67.96,On
2019-05-30 13:45:00,72.5,71.88,67.96,On
2019-05-30 13:50:00,72.5,71.88,68.13,On
2019-05-30 13:55:00,72.5,71.88,68.43,On
2019-05-30 14:00:00,72.5,71.88,67.91,On
2019-05-30 14:00:00,72.5,72.07,67.91,On
2019-05-30 14:00:00,72.6,72.07,67.91,On
2019-05-30 14:05:00,72.6,72.07,68.04,On
2019-05-30 14:10:00,72.6,72.07,68.18,On
2019-05-30 14:15:00,72.6,72.07,68.0,On
2019-05-30 14:15:00,72.6,72.07,68.0,On
2019-05-30 14:15:00,72.74,72.07,68.0,On
2019-05-30 14:20:00,72.74,72.07,68.35,On
2019-05-30 14:25:00,72.74,72.07,67.67,On
2019-05-30 14:30:00,72.74,72.07,67.42,On
2019-05-30 14:30:00,72.74,72.14,67.42,On
2019-05-30 14:30:00,72.73,72.14,67.42,On
2019-05-30 14:35:00,72.73,72.14,68.25,On
2019-05-30 14:40:00,72.73,72.14,67.25,On
2019-05-30 14:45:00,72.73,72.14,67.18,On
2019-05-30 14:45:00,72.73,72.39,67.18,On
2019-05-30 14:45:00,73.09,72.39,67.18,On
2019-05-30 14:50:00,73.09,72.39,66.73,On
2019-05-30 14:55:00,73.09,72.39,67.91,On
2019-05-30 15:00:00,73.09,72.39,67.2,On
2019-05-30 15:00:00,73.09,72.36,67.2,On
2019-05-30 15:00:00,73.0,72.36,67.2,On
2019-05-30 15:05:00,73.0,72.36,66.5,On
2019-05-30 15:10:00,73.0,72.36,66.7,On
2019-05-30 15:15:00,73.0,72.36,66.85,On
2019-05-30 15:15:00,73.0,72.56,66.85,On
2019-05-30 15:15:00,73.26,72.56,66.85,On
2019-05-30 15:20:00,73.26,72.56,66.21,On
2019-05-30 15:25:00,73.26,72.56,65.94,On
2019-05-30 15:30:00,73.26,72.56,65.97,On
2019-05-30 15:30:00,73.26,72.56,65.97,On
2019-05-30 15:30:00,73.31,72.56,65.97,On
